batch,seqlen,method,rep,ms,tokens_per_s
32,512,sdpa_contig_dense,0,0.13424000144004822,238379.02008881644
32,512,sdpa_contig_gqa,0,0.034272000193595886,933706.8107854284
32,512,flashinfer_paged,0,0.04230400174856186,756429.6207766645
32,512,sdpa_contig_dense,1,0.12383999675512314,258397.93958712448
32,512,sdpa_contig_gqa,1,0.028224000707268715,1133786.8196608578
32,512,flashinfer_paged,1,0.04016000032424927,796812.742570569
32,512,sdpa_contig_dense,2,0.11999999731779099,266666.6726271313
32,512,sdpa_contig_gqa,2,0.03574400022625923,895255.1420501416
32,512,flashinfer_paged,2,0.03872000053524971,826446.2695672746
32,512,sdpa_contig_dense,3,0.11923199892044067,268384.3287853664
32,512,sdpa_contig_gqa,3,0.026016000658273697,1230012.2690004334
32,512,flashinfer_paged,3,0.0379519984126091,843170.3556713994
32,512,sdpa_contig_dense,4,0.11932799965143204,268168.4105446745
32,512,sdpa_contig_gqa,4,0.024288000538945198,1317523.027417955
32,512,flashinfer_paged,4,0.037856001406908035,845308.5062005671
32,512,sdpa_contig_dense,5,0.11897599697113037,268961.8142705274
32,512,sdpa_contig_gqa,5,0.02396799996495247,1335113.4865984826
32,512,flashinfer_paged,5,0.03759999945759773,851063.842064334
32,512,sdpa_contig_dense,6,0.11926399916410446,268312.31741582596
32,512,sdpa_contig_gqa,6,0.023871999233961105,1340482.6167418659
32,512,flashinfer_paged,6,0.036768000572919846,870322.0055857063
32,512,sdpa_contig_dense,7,0.1196800023317337,267379.67393500835
32,512,sdpa_contig_gqa,7,0.023744000121951103,1347708.8879567643
32,512,flashinfer_paged,7,0.03776000067591667,847457.6119488684
32,512,sdpa_contig_dense,8,0.11894399672746658,269034.17474125075
32,512,sdpa_contig_gqa,8,0.023615999147295952,1355013.5990610425
32,512,flashinfer_paged,8,0.036159999668598175,884955.760322897
32,512,sdpa_contig_dense,9,0.11897599697113037,268961.8142705274
32,512,sdpa_contig_gqa,9,0.02409599907696247,1328021.2992120476
32,512,flashinfer_paged,9,0.036607999354600906,874125.8895367149
32,512,sdpa_contig_dense,10,0.11772800236940384,271812.98719051766
32,512,sdpa_contig_gqa,10,0.025248000398278236,1267427.1029472183
32,512,flashinfer_paged,10,0.03670400008559227,871839.5794839056
32,512,sdpa_contig_dense,11,0.11852800101041794,269978.3994263717
32,512,sdpa_contig_gqa,11,0.023455999791622162,1364256.4923380294
32,512,flashinfer_paged,11,0.036607999354600906,874125.8895367149
32,512,sdpa_contig_dense,12,0.12601600587368011,253935.99628984564
32,512,sdpa_contig_gqa,12,0.02380800060927868,1344085.9871084117
32,512,flashinfer_paged,12,0.03683200106024742,868809.7056593926
32,512,sdpa_contig_dense,13,0.1191679984331131,268528.4675479469
32,512,sdpa_contig_gqa,13,0.023584000766277313,1356852.0590347291
32,512,flashinfer_paged,13,0.035711999982595444,896057.3481069523
32,512,sdpa_contig_dense,14,0.11878400295972824,269396.545011613
32,512,sdpa_contig_gqa,14,0.023423999547958374,1366120.244942931
32,512,flashinfer_paged,14,0.046751998364925385,684462.7207209878
32,512,sdpa_contig_dense,15,0.11788800358772278,271444.07425805775
32,512,sdpa_contig_gqa,15,0.023296000435948372,1373626.347921095
32,512,flashinfer_paged,15,0.03798399865627289,842460.0129537795
32,512,sdpa_contig_dense,16,0.1181119978427887,270929.2924042581
32,512,sdpa_contig_gqa,16,0.02409599907696247,1328021.2992120476
32,512,flashinfer_paged,16,0.03593600168824196,890471.9082999766
32,512,sdpa_contig_dense,17,0.11772800236940384,271812.98719051766
32,512,sdpa_contig_gqa,17,0.023711999878287315,1349527.672244207
32,512,flashinfer_paged,17,0.036159999668598175,884955.760322897
32,512,sdpa_contig_dense,18,0.11894399672746658,269034.17474125075
32,512,sdpa_contig_gqa,18,0.02364799939095974,1353180.0077867517
32,512,flashinfer_paged,18,0.03619199991226196,884173.3001098483
32,512,sdpa_contig_dense,19,0.11878400295972824,269396.545011613
32,512,sdpa_contig_gqa,19,0.023584000766277313,1356852.0590347291
32,512,flashinfer_paged,19,0.036288000643253326,881834.1995358581
32,512,sdpa_contig_dense,20,0.11804799735546112,271076.17847715755
32,512,sdpa_contig_gqa,20,0.024064000695943832,1329787.1955843917
32,512,flashinfer_paged,20,0.03654399886727333,875656.7696989869
32,512,sdpa_contig_dense,21,0.11859200149774551,269832.70031586685
32,512,sdpa_contig_gqa,21,0.023455999791622162,1364256.4923380294
32,512,flashinfer_paged,21,0.03558399900794029,899280.6006109501
32,512,sdpa_contig_dense,22,0.11865600198507309,269687.15837927524
32,512,sdpa_contig_gqa,22,0.023711999878287315,1349527.672244207
32,512,flashinfer_paged,22,0.036288000643253326,881834.1995358581
32,512,sdpa_contig_dense,23,0.1181119978427887,270929.2924042581
32,512,sdpa_contig_gqa,23,0.03670400008559227,871839.5794839056
32,512,flashinfer_paged,23,0.03619199991226196,884173.3001098483
32,512,sdpa_contig_dense,24,0.11907199770212173,268744.96621828154
32,512,sdpa_contig_gqa,24,0.024768000468611717,1291989.639638183
32,512,flashinfer_paged,24,0.03574400022625923,895255.1420501416
32,512,sdpa_contig_dense,25,0.11814399808645248,270855.909045704
32,512,sdpa_contig_gqa,25,0.023584000766277313,1356852.0590347291
32,512,flashinfer_paged,25,0.036031998693943024,888099.4993313873
32,512,sdpa_contig_dense,26,0.1186240017414093,269759.90971673175
32,512,sdpa_contig_gqa,26,0.02393599972128868,1336898.4112888002
32,512,flashinfer_paged,26,0.03830400109291077,835421.8642167515
32,512,sdpa_contig_dense,27,0.1188800036907196,269178.9956808193
32,512,sdpa_contig_gqa,27,0.023615999147295952,1355013.5990610425
32,512,flashinfer_paged,27,0.03596799820661545,889679.7596624204
32,512,sdpa_contig_dense,28,0.11849600076675415,270051.3080014265
32,512,sdpa_contig_gqa,28,0.02364799939095974,1353180.0077867517
32,512,flashinfer_paged,28,0.036768000572919846,870322.0055857063
32,512,sdpa_contig_dense,29,0.11840000003576279,270270.270188635
32,512,sdpa_contig_gqa,29,0.0244159996509552,1310616.0082512985
32,512,flashinfer_paged,29,0.03593600168824196,890471.9082999766
32,512,sdpa_contig_dense,30,0.11852800101041794,269978.3994263717
32,512,sdpa_contig_gqa,30,0.02377600036561489,1345894.999491956
32,512,flashinfer_paged,30,0.036288000643253326,881834.1995358581
32,512,sdpa_contig_dense,31,0.11788800358772278,271444.07425805775
32,512,sdpa_contig_gqa,31,0.023871999233961105,1340482.6167418659
32,512,flashinfer_paged,31,0.037087999284267426,862812.7862797459
32,512,sdpa_contig_dense,32,0.11785600334405899,271517.7767108042
32,512,sdpa_contig_gqa,32,0.02703999914228916,1183431.990201274
32,512,flashinfer_paged,32,0.03651199862360954,876424.222346131
32,512,sdpa_contig_dense,33,0.11926399916410446,268312.31741582596
32,512,sdpa_contig_gqa,33,0.02332800067961216,1371742.0725200363
32,512,flashinfer_paged,33,0.03542400151491165,903342.3281254568
32,512,sdpa_contig_dense,34,0.11823999881744385,270635.9972939975
32,512,sdpa_contig_gqa,34,0.02380800060927868,1344085.9871084117
32,512,flashinfer_paged,34,0.03510399907827377,911577.0521941795
32,512,sdpa_contig_dense,35,0.11772800236940384,271812.98719051766
32,512,sdpa_contig_gqa,35,0.02304000034928322,1388888.8678335254
32,512,flashinfer_paged,35,0.03574400022625923,895255.1420501416
32,512,sdpa_contig_dense,36,0.11830399930477142,270489.5877404998
32,512,sdpa_contig_gqa,36,0.02316799946129322,1381215.5017295475
32,512,flashinfer_paged,36,0.0352960005402565,906618.2998128278
32,512,sdpa_contig_dense,37,0.11766400188207626,271960.8332892726
32,512,sdpa_contig_gqa,37,0.02755199931561947,1161440.2146801348
32,512,flashinfer_paged,37,0.03545600175857544,902527.0310480068
32,512,sdpa_contig_dense,38,0.11900799721479416,268889.49271404097
32,512,sdpa_contig_gqa,38,0.024224000051617622,1321003.9601970327
32,512,flashinfer_paged,38,0.03564799949526787,897666.0809324763
32,512,sdpa_contig_dense,39,0.11830399930477142,270489.5877404998
32,512,sdpa_contig_gqa,39,0.02377600036561489,1345894.999491956
32,512,flashinfer_paged,39,0.036031998693943024,888099.4993313873
32,512,sdpa_contig_dense,40,0.11852800101041794,269978.3994263717
32,512,sdpa_contig_gqa,40,0.023744000121951103,1347708.8879567643
32,512,flashinfer_paged,40,0.03558399900794029,899280.6006109501
32,512,sdpa_contig_dense,41,0.11804799735546112,271076.17847715755
32,512,sdpa_contig_gqa,41,0.023264000192284584,1375515.807062823
32,512,flashinfer_paged,41,0.035999998450279236,888888.9271536007
32,512,sdpa_contig_dense,42,0.1181119978427887,270929.2924042581
32,512,sdpa_contig_gqa,42,0.022943999618291855,1394700.1626729607
32,512,flashinfer_paged,42,0.03532800078392029,905797.0813498441
32,512,sdpa_contig_dense,43,0.1175680011510849,272182.90424855717
32,512,sdpa_contig_gqa,43,0.02319999970495701,1379310.362368787
32,512,flashinfer_paged,43,0.03510399907827377,911577.0521941795
32,512,sdpa_contig_dense,44,0.1175680011510849,272182.90424855717
32,512,sdpa_contig_gqa,44,0.023552000522613525,1358695.6220247662
32,512,flashinfer_paged,44,0.03651199862360954,876424.222346131
32,512,sdpa_contig_dense,45,0.11779200285673141,271665.3017516062
32,512,sdpa_contig_gqa,45,0.023615999147295952,1355013.5990610425
32,512,flashinfer_paged,45,0.035232000052928925,908265.2120778412
32,512,sdpa_contig_dense,46,0.11788800358772278,271444.07425805775
32,512,sdpa_contig_gqa,46,0.02332800067961216,1371742.0725200363
32,512,flashinfer_paged,46,0.03654399886727333,875656.7696989869
32,512,sdpa_contig_dense,47,0.11990399658679962,266880.1784003497
32,512,sdpa_contig_gqa,47,0.02304000034928322,1388888.8678335254
32,512,flashinfer_paged,47,0.03596799820661545,889679.7596624204
32,512,sdpa_contig_dense,48,0.1189119964838028,269106.57415762736
32,512,sdpa_contig_gqa,48,0.02380800060927868,1344085.9871084117
32,512,flashinfer_paged,48,0.037151999771595,861326.448017099
32,512,sdpa_contig_dense,49,0.11840000003576279,270270.270188635
32,512,sdpa_contig_gqa,49,0.023840000852942467,1342281.8311707561
32,512,flashinfer_paged,49,0.035711999982595444,896057.3481069523
32,512,sdpa_contig_dense,50,0.1181119978427887,270929.2924042581
32,512,sdpa_contig_gqa,50,0.023231999948620796,1377410.4713657994
32,512,flashinfer_paged,50,0.03564799949526787,897666.0809324763
32,512,sdpa_contig_dense,51,0.11772800236940384,271812.98719051766
32,512,sdpa_contig_gqa,51,0.023072000592947006,1386962.516366363
32,512,flashinfer_paged,51,0.03593600168824196,890471.9082999766
32,512,sdpa_contig_dense,52,0.1186240017414093,269759.90971673175
32,512,sdpa_contig_gqa,52,0.022911999374628067,1396648.0828135698
32,512,flashinfer_paged,52,0.03651199862360954,876424.222346131
32,512,sdpa_contig_dense,53,0.1189119964838028,269106.57415762736
32,512,sdpa_contig_gqa,53,0.023391999304294586,1367989.0967731455
32,512,flashinfer_paged,53,0.03564799949526787,897666.0809324763
32,512,sdpa_contig_dense,54,0.11910399794578552,268672.7612163443
32,512,sdpa_contig_gqa,54,0.023615999147295952,1355013.5990610425
32,512,flashinfer_paged,54,0.03651199862360954,876424.222346131
32,512,sdpa_contig_dense,55,0.11807999759912491,271002.71553729393
32,512,sdpa_contig_gqa,55,0.023072000592947006,1386962.516366363
32,512,flashinfer_paged,55,0.03574400022625923,895255.1420501416
32,512,sdpa_contig_dense,56,0.11999999731779099,266666.6726271313
32,512,sdpa_contig_gqa,56,0.023391999304294586,1367989.0967731455
32,512,flashinfer_paged,56,0.03587200120091438,892060.6302606924
32,512,sdpa_contig_dense,57,0.11785600334405899,271517.7767108042
32,512,sdpa_contig_gqa,57,0.02287999913096428,1398601.4517235411
32,512,flashinfer_paged,57,0.03590400144457817,891265.5612883585
32,512,sdpa_contig_dense,58,0.11814399808645248,270855.909045704
32,512,sdpa_contig_gqa,58,0.02380800060927868,1344085.9871084117
32,512,flashinfer_paged,58,0.03619199991226196,884173.3001098483
32,512,sdpa_contig_dense,59,0.11894399672746658,269034.17474125075
32,512,sdpa_contig_gqa,59,0.023391999304294586,1367989.0967731455
32,512,flashinfer_paged,59,0.036479998379945755,877193.0214117401
32,512,sdpa_contig_dense,60,0.11843200027942657,270197.24335061223
32,512,sdpa_contig_gqa,60,0.023423999547958374,1366120.244942931
32,512,flashinfer_paged,60,0.03619199991226196,884173.3001098483
32,512,sdpa_contig_dense,61,0.11840000003576279,270270.270188635
32,512,sdpa_contig_gqa,61,0.022911999374628067,1396648.0828135698
32,512,flashinfer_paged,61,0.03580800071358681,893655.0313421459
32,512,sdpa_contig_dense,62,0.11827199906110764,270562.7727106105
32,512,sdpa_contig_gqa,62,0.024191999807953835,1322751.3332518735
32,512,flashinfer_paged,62,0.03612799942493439,885739.6066585028
32,512,sdpa_contig_dense,63,0.11897599697113037,268961.8142705274
32,512,sdpa_contig_gqa,63,0.023296000435948372,1373626.347921095
32,512,flashinfer_paged,63,0.03574400022625923,895255.1420501416
32,512,sdpa_contig_dense,64,0.11849600076675415,270051.3080014265
32,512,sdpa_contig_gqa,64,0.022816000506281853,1402524.513057823
32,512,flashinfer_paged,64,0.03788800165057182,844594.557800254
32,512,sdpa_contig_dense,65,0.11823999881744385,270635.9972939975
32,512,sdpa_contig_gqa,65,0.030432000756263733,1051524.6846993302
32,512,flashinfer_paged,65,0.036928001791238785,866551.0844833213
32,512,sdpa_contig_dense,66,0.11823999881744385,270635.9972939975
32,512,sdpa_contig_gqa,66,0.024480000138282776,1307189.5350995997
32,512,flashinfer_paged,66,0.03561599925160408,898472.6154653312
32,512,sdpa_contig_dense,67,0.11878400295972824,269396.545011613
32,512,sdpa_contig_gqa,67,0.023903999477624893,1338688.1149304446
32,512,flashinfer_paged,67,0.035392001271247864,904159.0995306758
32,512,sdpa_contig_dense,68,0.11926399916410446,268312.31741582596
32,512,sdpa_contig_gqa,68,0.023711999878287315,1349527.672244207
32,512,flashinfer_paged,68,0.03548799827694893,901713.2989657931
32,512,sdpa_contig_dense,69,0.11779200285673141,271665.3017516062
32,512,sdpa_contig_gqa,69,0.025631999596953392,1248439.4703175442
32,512,flashinfer_paged,69,0.03606399893760681,887311.4724565679
32,512,sdpa_contig_dense,70,0.11776000261306763,271739.1244049532
32,512,sdpa_contig_gqa,70,0.023871999233961105,1340482.6167418659
32,512,flashinfer_paged,70,0.035711999982595444,896057.3481069523
32,512,sdpa_contig_dense,71,0.1188800036907196,269178.9956808193
32,512,sdpa_contig_gqa,71,0.024000000208616257,1333333.3217435414
32,512,flashinfer_paged,71,0.035679999738931656,896860.9931093614
32,512,sdpa_contig_dense,72,0.11804799735546112,271076.17847715755
32,512,sdpa_contig_gqa,72,0.02364799939095974,1353180.0077867517
32,512,flashinfer_paged,72,0.03545600175857544,902527.0310480068
32,512,sdpa_contig_dense,73,0.11801599711179733,271149.68125622993
32,512,sdpa_contig_gqa,73,0.02300800010561943,1390820.5777600105
32,512,flashinfer_paged,73,0.03638400137424469,879507.4425940404
32,512,sdpa_contig_dense,74,0.11779200285673141,271665.3017516062
32,512,sdpa_contig_gqa,74,0.023264000192284584,1375515.807062823
32,512,flashinfer_paged,74,0.03564799949526787,897666.0809324763
32,512,sdpa_contig_dense,75,0.11801599711179733,271149.68125622993
32,512,sdpa_contig_gqa,75,0.024064000695943832,1329787.1955843917
32,512,flashinfer_paged,75,0.035232000052928925,908265.2120778412
32,512,sdpa_contig_dense,76,0.11801599711179733,271149.68125622993
32,512,sdpa_contig_gqa,76,0.02412799932062626,1326259.984293195
32,512,flashinfer_paged,76,0.03551999852061272,900900.9384228996
32,512,sdpa_contig_dense,77,0.11884800344705582,269251.4730738014
32,512,sdpa_contig_gqa,77,0.023231999948620796,1377410.4713657994
32,512,flashinfer_paged,77,0.03577600046992302,894454.3710776862
32,512,sdpa_contig_dense,78,0.11846400052309036,270124.2559655305
32,512,sdpa_contig_gqa,78,0.023871999233961105,1340482.6167418659
32,512,flashinfer_paged,78,0.03545600175857544,902527.0310480068
32,512,sdpa_contig_dense,79,0.11923199892044067,268384.3287853664
32,512,sdpa_contig_gqa,79,0.022592000663280487,1416430.5533157424
32,512,flashinfer_paged,79,0.035711999982595444,896057.3481069523
32,512,sdpa_contig_dense,80,0.11823999881744385,270635.9972939975
32,512,sdpa_contig_gqa,80,0.0244159996509552,1310616.0082512985
32,512,flashinfer_paged,80,0.036159999668598175,884955.760322897
32,512,sdpa_contig_dense,81,0.11791999638080597,271370.42895303795
32,512,sdpa_contig_gqa,81,0.024064000695943832,1329787.1955843917
32,512,flashinfer_paged,81,0.03999999910593033,800000.0178813938
32,512,sdpa_contig_dense,82,0.11872000247240067,269541.77336240513
32,512,sdpa_contig_gqa,82,0.02284800074994564,1400560.1781186974
32,512,flashinfer_paged,82,0.03680000081658363,869565.1980958503
32,512,sdpa_contig_dense,83,0.11760000139474869,272108.84031017474
32,512,sdpa_contig_gqa,83,0.023423999547958374,1366120.244942931
32,512,flashinfer_paged,83,0.035679999738931656,896860.9931093614
32,512,sdpa_contig_dense,84,0.11852800101041794,269978.3994263717
32,512,sdpa_contig_gqa,84,0.02304000034928322,1388888.8678335254
32,512,flashinfer_paged,84,0.035232000052928925,908265.2120778412
32,512,sdpa_contig_dense,85,0.1188800036907196,269178.9956808193
32,512,sdpa_contig_gqa,85,0.023264000192284584,1375515.807062823
32,512,flashinfer_paged,85,0.03558399900794029,899280.6006109501
32,512,sdpa_contig_dense,86,0.11801599711179733,271149.68125622993
32,512,sdpa_contig_gqa,86,0.02304000034928322,1388888.8678335254
32,512,flashinfer_paged,86,0.03545600175857544,902527.0310480068
32,512,sdpa_contig_dense,87,0.11823999881744385,270635.9972939975
32,512,sdpa_contig_gqa,87,0.02377600036561489,1345894.999491956
32,512,flashinfer_paged,87,0.03526400029659271,907441.0087017812
32,512,sdpa_contig_dense,88,0.11865600198507309,269687.15837927524
32,512,sdpa_contig_gqa,88,0.023455999791622162,1364256.4923380294
32,512,flashinfer_paged,88,0.035360001027584076,904977.3492663938
32,512,sdpa_contig_dense,89,0.11974400281906128,267236.76548840175
32,512,sdpa_contig_gqa,89,0.02348800003528595,1362397.8181167617
32,512,flashinfer_paged,89,0.03763199970126152,850340.1428047757
32,512,sdpa_contig_dense,90,0.11856000125408173,269905.5302084717
32,512,sdpa_contig_gqa,90,0.02364799939095974,1353180.0077867517
32,512,flashinfer_paged,90,0.03545600175857544,902527.0310480068
32,512,sdpa_contig_dense,91,0.11772800236940384,271812.98719051766
32,512,sdpa_contig_gqa,91,0.023231999948620796,1377410.4713657994
32,512,flashinfer_paged,91,0.03577600046992302,894454.3710776862
32,512,sdpa_contig_dense,92,0.118367999792099,270343.33651159646
32,512,sdpa_contig_gqa,92,0.02332800067961216,1371742.0725200363
32,512,flashinfer_paged,92,0.03580800071358681,893655.0313421459
32,512,sdpa_contig_dense,93,0.11807999759912491,271002.71553729393
32,512,sdpa_contig_gqa,93,0.02396799996495247,1335113.4865984826
32,512,flashinfer_paged,93,0.03574400022625923,895255.1420501416
32,512,sdpa_contig_dense,94,0.11827199906110764,270562.7727106105
32,512,sdpa_contig_gqa,94,0.02377600036561489,1345894.999491956
32,512,flashinfer_paged,94,0.035360001027584076,904977.3492663938
32,512,sdpa_contig_dense,95,0.11817599833011627,270782.5654293207
32,512,sdpa_contig_gqa,95,0.023711999878287315,1349527.672244207
32,512,flashinfer_paged,95,0.03551999852061272,900900.9384228996
32,512,sdpa_contig_dense,96,0.1188800036907196,269178.9956808193
32,512,sdpa_contig_gqa,96,0.02332800067961216,1371742.0725200363
32,512,flashinfer_paged,96,0.03526400029659271,907441.0087017812
32,512,sdpa_contig_dense,97,0.11817599833011627,270782.5654293207
32,512,sdpa_contig_gqa,97,0.02319999970495701,1379310.362368787
32,512,flashinfer_paged,97,0.03580800071358681,893655.0313421459
32,512,sdpa_contig_dense,98,0.11788800358772278,271444.07425805775
32,512,sdpa_contig_gqa,98,0.02409599907696247,1328021.2992120476
32,512,flashinfer_paged,98,0.03641600161790848,878734.5831032477
32,512,sdpa_contig_dense,99,0.11817599833011627,270782.5654293207
32,512,sdpa_contig_gqa,99,0.023104000836610794,1385041.5010932882
32,512,flashinfer_paged,99,0.03753599897027016,852514.9423982331
32,2048,sdpa_contig_dense,0,0.4394240081310272,72822.60278882681
32,2048,sdpa_contig_gqa,0,0.08716800063848495,367107.19261205464
32,2048,flashinfer_paged,0,0.09971199929714203,320924.2641363545
32,2048,sdpa_contig_dense,1,0.42153599858283997,75912.85230106245
32,2048,sdpa_contig_gqa,1,0.07817599922418594,409332.79161847796
32,2048,flashinfer_paged,1,0.09507200121879578,336587.00342655234
32,2048,sdpa_contig_dense,2,0.4208959937095642,76028.28365736676
32,2048,sdpa_contig_gqa,2,0.07756800204515457,412541.24324836774
32,2048,flashinfer_paged,2,0.09177599847316742,348675.04066824017
32,2048,sdpa_contig_dense,3,0.42076799273490906,76051.41206679316
32,2048,sdpa_contig_gqa,3,0.07574400305747986,422475.69059317023
32,2048,flashinfer_paged,3,0.09305600076913834,343878.9517657058
32,2048,sdpa_contig_dense,4,0.4189760088920593,76376.68821329612
32,2048,sdpa_contig_gqa,4,0.0753600001335144,424628.449353848
32,2048,flashinfer_paged,4,0.09279999881982803,344827.59059219674
32,2048,sdpa_contig_dense,5,0.4174079895019531,76663.60205079464
32,2048,sdpa_contig_gqa,5,0.07494399696588516,426985.499780143
32,2048,flashinfer_paged,5,0.09225600212812424,346860.9007743335
32,2048,sdpa_contig_dense,6,0.41843199729919434,76475.98703384727
32,2048,sdpa_contig_gqa,6,0.07529599964618683,424989.377262628
32,2048,flashinfer_paged,6,0.09196799993515015,347947.11228431977
32,2048,sdpa_contig_dense,7,0.41839998960494995,76481.83746422689
32,2048,sdpa_contig_gqa,7,0.07545600086450577,424088.2054889379
32,2048,flashinfer_paged,7,0.09279999881982803,344827.59059219674
32,2048,sdpa_contig_dense,8,0.41974401473999023,76236.94174608386
32,2048,sdpa_contig_gqa,8,0.07500799745321274,426621.1748948562
32,2048,flashinfer_paged,8,0.09484799951314926,337381.91806105175
32,2048,sdpa_contig_dense,9,0.41782400012016296,76587.27117350139
32,2048,sdpa_contig_gqa,9,0.07587199658155441,421762.9882140161
32,2048,flashinfer_paged,9,0.09120000153779984,350877.187066021
32,2048,sdpa_contig_dense,10,0.4160960018634796,76905.32919491772
32,2048,sdpa_contig_gqa,10,0.07587199658155441,421762.9882140161
32,2048,flashinfer_paged,10,0.09200000017881393,347826.0862804766
32,2048,sdpa_contig_dense,11,0.4190720021724701,76359.19325106888
32,2048,sdpa_contig_gqa,11,0.07494399696588516,426985.499780143
32,2048,flashinfer_paged,11,0.09123200178146362,350754.11451184127
32,2048,sdpa_contig_dense,12,0.4208639860153198,76034.06578683872
32,2048,sdpa_contig_gqa,12,0.07459200173616409,429000.41901524126
32,2048,flashinfer_paged,12,0.09091199934482574,351988.7388971089
32,2048,sdpa_contig_dense,13,0.4158399999141693,76952.67412130843
32,2048,sdpa_contig_gqa,13,0.07497599720954895,426803.2595893833
32,2048,flashinfer_paged,13,0.09087999910116196,352112.67953886744
32,2048,sdpa_contig_dense,14,0.4183039963245392,76499.38867706382
32,2048,sdpa_contig_gqa,14,0.0753600001335144,424628.449353848
32,2048,flashinfer_paged,14,0.09167999774217606,349040.14821194595
32,2048,sdpa_contig_dense,15,0.4182080030441284,76516.94794712818
32,2048,sdpa_contig_gqa,15,0.07440000027418137,430107.5252966738
32,2048,flashinfer_paged,15,0.10038399696350098,318775.91018451884
32,2048,sdpa_contig_dense,16,0.4212160110473633,75970.52144440394
32,2048,sdpa_contig_gqa,16,0.07497599720954895,426803.2595893833
32,2048,flashinfer_paged,16,0.09244800359010696,346140.51961446984
32,2048,sdpa_contig_dense,17,0.420960009098053,76016.72203628809
32,2048,sdpa_contig_gqa,17,0.07472000271081924,428265.50908792316
32,2048,flashinfer_paged,17,0.09158399701118469,349406.02118612494
32,2048,sdpa_contig_dense,18,0.4177280068397522,76604.8708155586
32,2048,sdpa_contig_gqa,18,0.07487999647855759,427350.447447783
32,2048,flashinfer_paged,18,0.09084799885749817,352236.70749417803
32,2048,sdpa_contig_dense,19,0.4177280068397522,76604.8708155586
32,2048,sdpa_contig_gqa,19,0.07596799731254578,421230.0064768898
32,2048,flashinfer_paged,19,0.09110400080680847,351246.9234787826
32,2048,sdpa_contig_dense,20,0.41920000314712524,76335.87728950723
32,2048,sdpa_contig_gqa,20,0.07555200159549713,423549.3345540588
32,2048,flashinfer_paged,20,0.09081599861383438,352360.8228553389
32,2048,sdpa_contig_dense,21,0.4184640049934387,76470.13749844921
32,2048,sdpa_contig_gqa,21,0.07494399696588516,426985.499780143
32,2048,flashinfer_paged,21,0.09040000289678574,353982.2895419154
32,2048,sdpa_contig_dense,22,0.4174399971961975,76657.72378050287
32,2048,sdpa_contig_gqa,22,0.07539200037717819,424448.2151940178
32,2048,flashinfer_paged,22,0.09033600240945816,354233.07592200476
32,2048,sdpa_contig_dense,23,0.41785600781440735,76581.40460245087
32,2048,sdpa_contig_gqa,23,0.07472000271081924,428265.50908792316
32,2048,flashinfer_paged,23,0.09862399846315384,324464.6384110585
32,2048,sdpa_contig_dense,24,0.41782400012016296,76587.27117350139
32,2048,sdpa_contig_gqa,24,0.07558400183916092,423370.01510047645
32,2048,flashinfer_paged,24,0.09254399687051773,345781.47780641646
32,2048,sdpa_contig_dense,25,0.4177280068397522,76604.8708155586
32,2048,sdpa_contig_gqa,25,0.07491199672222137,427167.8956664059
32,2048,flashinfer_paged,25,0.0923520028591156,346500.33577308
32,2048,sdpa_contig_dense,26,0.41574400663375854,76970.44212158605
32,2048,sdpa_contig_gqa,26,0.07497599720954895,426803.2595893833
32,2048,flashinfer_paged,26,0.09136000275611877,350262.68645615625
32,2048,sdpa_contig_dense,27,0.4206719994544983,76068.76626325413
32,2048,sdpa_contig_gqa,27,0.0745600014925003,429184.5407650475
32,2048,flashinfer_paged,27,0.0915519967675209,349528.149356021
32,2048,sdpa_contig_dense,28,0.4191040098667145,76353.3615681148
32,2048,sdpa_contig_gqa,28,0.07519999891519547,425531.921032167
32,2048,flashinfer_paged,28,0.09017600119113922,354861.5992870656
32,2048,sdpa_contig_dense,29,0.41862401366233826,76440.90868091282
32,2048,sdpa_contig_gqa,29,0.0748480036854744,427533.1127663753
32,2048,flashinfer_paged,29,0.09065599739551544,352982.7139884622
32,2048,sdpa_contig_dense,30,0.4163840115070343,76852.13436553723
32,2048,sdpa_contig_gqa,30,0.07487999647855759,427350.447447783
32,2048,flashinfer_paged,30,0.09228800237178802,346740.62909159076
32,2048,sdpa_contig_dense,31,0.41891199350357056,76388.3595987978
32,2048,sdpa_contig_gqa,31,0.07465600222349167,428632.64904279466
32,2048,flashinfer_paged,31,0.09225600212812424,346860.9007743335
32,2048,sdpa_contig_dense,32,0.4190720021724701,76359.19325106888
32,2048,sdpa_contig_gqa,32,0.07583999633789062,421940.9486444344
32,2048,flashinfer_paged,32,0.09200000017881393,347826.0862804766
32,2048,sdpa_contig_dense,33,0.417279988527298,76687.11867285387
32,2048,sdpa_contig_gqa,33,0.07497599720954895,426803.2595893833
32,2048,flashinfer_paged,33,0.0907519981265068,352609.3161650559
32,2048,sdpa_contig_dense,34,0.4166080057621002,76810.81390037731
32,2048,sdpa_contig_gqa,34,0.07481600344181061,427715.9769017672
32,2048,flashinfer_paged,34,0.09136000275611877,350262.68645615625
32,2048,sdpa_contig_dense,35,0.4187839925289154,76411.70763658194
32,2048,sdpa_contig_gqa,35,0.07494399696588516,426985.499780143
32,2048,flashinfer_paged,35,0.09084799885749817,352236.70749417803
32,2048,sdpa_contig_dense,36,0.4193600118160248,76306.75099760955
32,2048,sdpa_contig_gqa,36,0.07609599828720093,420521.4560590407
32,2048,flashinfer_paged,36,0.0942080020904541,339673.90550619154
32,2048,sdpa_contig_dense,37,0.41945600509643555,76289.2880569036
32,2048,sdpa_contig_gqa,37,0.07609599828720093,420521.4560590407
32,2048,flashinfer_paged,37,0.09027200192213058,354484.2179040571
32,2048,sdpa_contig_dense,38,0.4175040125846863,76645.96994384368
32,2048,sdpa_contig_gqa,38,0.07472000271081924,428265.50908792316
32,2048,flashinfer_paged,38,0.0907519981265068,352609.3161650559
32,2048,sdpa_contig_dense,39,0.4175040125846863,76645.96994384368
32,2048,sdpa_contig_gqa,39,0.07519999891519547,425531.921032167
32,2048,flashinfer_paged,39,0.09299200028181076,344115.6218064405
32,2048,sdpa_contig_dense,40,0.41859200596809387,76446.75374531429
32,2048,sdpa_contig_gqa,40,0.07475200295448303,428082.17486138805
32,2048,flashinfer_paged,40,0.09123200178146362,350754.11451184127
32,2048,sdpa_contig_dense,41,0.41731199622154236,76681.23679581897
32,2048,sdpa_contig_gqa,41,0.07526399940252304,425170.07140238787
32,2048,flashinfer_paged,41,0.09097599983215332,351741.1191857037
32,2048,sdpa_contig_dense,42,0.42265599966049194,75711.68994573537
32,2048,sdpa_contig_gqa,42,0.0761599987745285,420168.07398771006
32,2048,flashinfer_paged,42,0.09097599983215332,351741.1191857037
32,2048,sdpa_contig_dense,43,0.4174720048904419,76651.84641158833
32,2048,sdpa_contig_gqa,43,0.0761599987745285,420168.07398771006
32,2048,flashinfer_paged,43,0.09036800265312195,354107.6383289356
32,2048,sdpa_contig_dense,44,0.4182080030441284,76516.94794712818
32,2048,sdpa_contig_gqa,44,0.0761599987745285,420168.07398771006
32,2048,flashinfer_paged,44,0.09071999788284302,352733.69429886027
32,2048,sdpa_contig_dense,45,0.4180479943752289,76546.23495520862
32,2048,sdpa_contig_gqa,45,0.07772800326347351,411692.037058125
32,2048,flashinfer_paged,45,0.0939520001411438,340599.45452919044
32,2048,sdpa_contig_dense,46,0.41702398657798767,76734.19522599973
32,2048,sdpa_contig_gqa,46,0.07526399940252304,425170.07140238787
32,2048,flashinfer_paged,46,0.0968639999628067,330360.09262767574
32,2048,sdpa_contig_dense,47,0.41782400012016296,76587.27117350139
32,2048,sdpa_contig_gqa,47,0.07478400319814682,427898.99753311113
32,2048,flashinfer_paged,47,0.09299200028181076,344115.6218064405
32,2048,sdpa_contig_dense,48,0.41737601161003113,76669.47574816232
32,2048,sdpa_contig_gqa,48,0.07503999769687653,426439.2454976311
32,2048,flashinfer_paged,48,0.09187199920415878,348310.6961555208
32,2048,sdpa_contig_dense,49,0.4185279905796051,76458.44655618921
32,2048,sdpa_contig_gqa,49,0.07507199794054031,426257.47119911655
32,2048,flashinfer_paged,49,0.09107200056314468,351370.3421702352
32,2048,sdpa_contig_dense,50,0.41948801279067993,76283.46704621488
32,2048,sdpa_contig_gqa,50,0.07481600344181061,427715.9769017672
32,2048,flashinfer_paged,50,0.09055999666452408,353356.90347408835
32,2048,sdpa_contig_dense,51,0.41679999232292175,76775.43327593812
32,2048,sdpa_contig_gqa,51,0.07491199672222137,427167.8956664059
32,2048,flashinfer_paged,51,0.0904960036277771,353606.77507506893
32,2048,sdpa_contig_dense,52,0.424127995967865,75448.92179771258
32,2048,sdpa_contig_gqa,52,0.07503999769687653,426439.2454976311
32,2048,flashinfer_paged,52,0.09033600240945816,354233.07592200476
32,2048,sdpa_contig_dense,53,0.4180159866809845,76552.09613890032
32,2048,sdpa_contig_gqa,53,0.07503999769687653,426439.2454976311
32,2048,flashinfer_paged,53,0.0928959995508194,344471.2383173635
32,2048,sdpa_contig_dense,54,0.4222719967365265,75780.54014310156
32,2048,sdpa_contig_gqa,54,0.0756480023264885,423011.83132228005
32,2048,flashinfer_paged,54,0.0920960009098053,347463.51289823506
32,2048,sdpa_contig_dense,55,0.41731199622154236,76681.23679581897
32,2048,sdpa_contig_gqa,55,0.07491199672222137,427167.8956664059
32,2048,flashinfer_paged,55,0.09055999666452408,353356.90347408835
32,2048,sdpa_contig_dense,56,0.4190399944782257,76365.02582491036
32,2048,sdpa_contig_gqa,56,0.07478400319814682,427898.99753311113
32,2048,flashinfer_paged,56,0.09055999666452408,353356.90347408835
32,2048,sdpa_contig_dense,57,0.41788798570632935,76575.54439119001
32,2048,sdpa_contig_gqa,57,0.0753600001335144,424628.449353848
32,2048,flashinfer_paged,57,0.09030400216579437,354358.60241553123
32,2048,sdpa_contig_dense,58,0.417248010635376,76692.99597443524
32,2048,sdpa_contig_gqa,58,0.07555200159549713,423549.3345540588
32,2048,flashinfer_paged,58,0.09094399958848953,351864.88547673385
32,2048,sdpa_contig_dense,59,0.4180159866809845,76552.09613890032
32,2048,sdpa_contig_gqa,59,0.07753600180149078,412711.5050622166
32,2048,flashinfer_paged,59,0.09107200056314468,351370.3421702352
32,2048,sdpa_contig_dense,60,0.41996800899505615,76196.27998945201
32,2048,sdpa_contig_gqa,60,0.0751039981842041,426075.8518010597
32,2048,flashinfer_paged,60,0.09087999910116196,352112.67953886744
32,2048,sdpa_contig_dense,61,0.420960009098053,76016.72203628809
32,2048,sdpa_contig_gqa,61,0.0748480036854744,427533.1127663753
32,2048,flashinfer_paged,61,0.09081599861383438,352360.8228553389
32,2048,sdpa_contig_dense,62,0.4201599955558777,76161.46310565226
32,2048,sdpa_contig_gqa,62,0.07468800246715546,428449.0004143867
32,2048,flashinfer_paged,62,0.09171199798583984,348918.36076824693
32,2048,sdpa_contig_dense,63,0.4222719967365265,75780.54014310156
32,2048,sdpa_contig_gqa,63,0.07568000257015228,422832.966612776
32,2048,flashinfer_paged,63,0.09151999652385712,349650.3629308853
32,2048,sdpa_contig_dense,64,0.41625601053237915,76875.76681252709
32,2048,sdpa_contig_gqa,64,0.07478400319814682,427898.99753311113
32,2048,flashinfer_paged,64,0.0910400003194809,351493.84762416995
32,2048,sdpa_contig_dense,65,0.4191359877586365,76347.53620447288
32,2048,sdpa_contig_gqa,65,0.07523199915885925,425350.9192601551
32,2048,flashinfer_paged,65,0.09036800265312195,354107.6383289356
32,2048,sdpa_contig_dense,66,0.4174079895019531,76663.60205079464
32,2048,sdpa_contig_gqa,66,0.07523199915885925,425350.9192601551
32,2048,flashinfer_paged,66,0.0910400003194809,351493.84762416995
32,2048,sdpa_contig_dense,67,0.41862401366233826,76440.90868091282
32,2048,sdpa_contig_gqa,67,0.07449600100517273,429553.2588088593
32,2048,flashinfer_paged,67,0.09216000139713287,347222.21695838135
32,2048,sdpa_contig_dense,68,0.418720006942749,76423.38428881262
32,2048,sdpa_contig_gqa,68,0.0745600014925003,429184.5407650475
32,2048,flashinfer_paged,68,0.09081599861383438,352360.8228553389
32,2048,sdpa_contig_dense,69,0.42073601484298706,76057.19232745493
32,2048,sdpa_contig_gqa,69,0.07542400062084198,424268.1339705734
32,2048,flashinfer_paged,69,0.09164799749851227,349162.02070339245
32,2048,sdpa_contig_dense,70,0.4207040071487427,76062.97885507467
32,2048,sdpa_contig_gqa,70,0.07478400319814682,427898.99753311113
32,2048,flashinfer_paged,70,0.09193599969148636,348068.2225394165
32,2048,sdpa_contig_dense,71,0.41808000206947327,76540.37466896704
32,2048,sdpa_contig_gqa,71,0.07545600086450577,424088.2054889379
32,2048,flashinfer_paged,71,0.09087999910116196,352112.67953886744
32,2048,sdpa_contig_dense,72,0.4214400053024292,75930.14331194427
32,2048,sdpa_contig_gqa,72,0.07571200281381607,422654.25310028356
32,2048,flashinfer_paged,72,0.09123200178146362,350754.11451184127
32,2048,sdpa_contig_dense,73,0.41865599155426025,76435.069951346
32,2048,sdpa_contig_gqa,73,0.07519999891519547,425531.921032167
32,2048,flashinfer_paged,73,0.09139200299978256,350140.04452967434
32,2048,sdpa_contig_dense,74,0.41676801443099976,76781.32412269831
32,2048,sdpa_contig_gqa,74,0.0759039968252182,421585.1778356997
32,2048,flashinfer_paged,74,0.09020800143480301,354735.7162449464
32,2048,sdpa_contig_dense,75,0.41788798570632935,76575.54439119001
32,2048,sdpa_contig_gqa,75,0.07452800124883652,429368.8206283348
32,2048,flashinfer_paged,75,0.09132800251245499,350385.414327177
32,2048,sdpa_contig_dense,76,0.4164479970932007,76840.32633932546
32,2048,sdpa_contig_gqa,76,0.07571200281381607,422654.25310028356
32,2048,flashinfer_paged,76,0.09084799885749817,352236.70749417803
32,2048,sdpa_contig_dense,77,0.41839998960494995,76481.83746422689
32,2048,sdpa_contig_gqa,77,0.07548800110816956,423908.4295548641
32,2048,flashinfer_paged,77,0.09254399687051773,345781.47780641646
32,2048,sdpa_contig_dense,78,0.41788798570632935,76575.54439119001
32,2048,sdpa_contig_gqa,78,0.07481600344181061,427715.9769017672
32,2048,flashinfer_paged,78,0.09142400324344635,350017.4884574844
32,2048,sdpa_contig_dense,79,0.41785600781440735,76581.40460245087
32,2048,sdpa_contig_gqa,79,0.07423999905586243,431034.4882402459
32,2048,flashinfer_paged,79,0.09136000275611877,350262.68645615625
32,2048,sdpa_contig_dense,80,0.4184640049934387,76470.13749844921
32,2048,sdpa_contig_gqa,80,0.07500799745321274,426621.1748948562
32,2048,flashinfer_paged,80,0.09046400338411331,353731.85800905677
32,2048,sdpa_contig_dense,81,0.41808000206947327,76540.37466896704
32,2048,sdpa_contig_gqa,81,0.07609599828720093,420521.4560590407
32,2048,flashinfer_paged,81,0.09043200314044952,353857.02946666954
32,2048,sdpa_contig_dense,82,0.4193280041217804,76312.57556246262
32,2048,sdpa_contig_gqa,82,0.07558400183916092,423370.01510047645
32,2048,flashinfer_paged,82,0.09094399958848953,351864.88547673385
32,2048,sdpa_contig_dense,83,0.4189760088920593,76376.68821329612
32,2048,sdpa_contig_gqa,83,0.07443200051784515,429922.61093839555
32,2048,flashinfer_paged,83,0.0947519987821579,337723.74631980533
32,2048,sdpa_contig_dense,84,0.4169279932975769,76751.86246647732
32,2048,sdpa_contig_gqa,84,0.07526399940252304,425170.07140238787
32,2048,flashinfer_paged,84,0.09040000289678574,353982.2895419154
32,2048,sdpa_contig_dense,85,0.4174720048904419,76651.84641158833
32,2048,sdpa_contig_gqa,85,0.07555200159549713,423549.3345540588
32,2048,flashinfer_paged,85,0.09775999933481216,327332.24445312424
32,2048,sdpa_contig_dense,86,0.4211199879646301,75987.84411697809
32,2048,sdpa_contig_gqa,86,0.0751039981842041,426075.8518010597
32,2048,flashinfer_paged,86,0.09356799721717834,341997.2741932864
32,2048,sdpa_contig_dense,87,0.416703999042511,76793.1195129602
32,2048,sdpa_contig_gqa,87,0.07491199672222137,427167.8956664059
32,2048,flashinfer_paged,87,0.09206400066614151,347584.28667513555
32,2048,sdpa_contig_dense,88,0.41673600673675537,76787.22136485274
32,2048,sdpa_contig_gqa,88,0.07523199915885925,425350.9192601551
32,2048,flashinfer_paged,88,0.09110400080680847,351246.9234787826
32,2048,sdpa_contig_dense,89,0.4182719886302948,76505.24268859033
32,2048,sdpa_contig_gqa,89,0.07465600222349167,428632.64904279466
32,2048,flashinfer_paged,89,0.09116800129413605,351000.3460178769
32,2048,sdpa_contig_dense,90,0.4171519875526428,76710.64972682585
32,2048,sdpa_contig_gqa,90,0.07542400062084198,424268.1339705734
32,2048,flashinfer_paged,90,0.09171199798583984,348918.36076824693
32,2048,sdpa_contig_dense,91,0.41523200273513794,77065.35091037212
32,2048,sdpa_contig_gqa,91,0.07526399940252304,425170.07140238787
32,2048,flashinfer_paged,91,0.09177599847316742,348675.04066824017
32,2048,sdpa_contig_dense,92,0.42073601484298706,76057.19232745493
32,2048,sdpa_contig_gqa,92,0.0748480036854744,427533.1127663753
32,2048,flashinfer_paged,92,0.09046400338411331,353731.85800905677
32,2048,sdpa_contig_dense,93,0.41702398657798767,76734.19522599973
32,2048,sdpa_contig_gqa,93,0.07516799867153168,425713.0769149949
32,2048,flashinfer_paged,93,0.12220799922943115,261848.6531305022
32,2048,sdpa_contig_dense,94,0.41843199729919434,76475.98703384727
32,2048,sdpa_contig_gqa,94,0.07503999769687653,426439.2454976311
32,2048,flashinfer_paged,94,0.09427200257778168,339443.3036849677
32,2048,sdpa_contig_dense,95,0.4190399944782257,76365.02582491036
32,2048,sdpa_contig_gqa,95,0.07491199672222137,427167.8956664059
32,2048,flashinfer_paged,95,0.09180799871683121,348553.5078343171
32,2048,sdpa_contig_dense,96,0.4193919897079468,76300.93274381309
32,2048,sdpa_contig_gqa,96,0.07459200173616409,429000.41901524126
32,2048,flashinfer_paged,96,0.09081599861383438,352360.8228553389
32,2048,sdpa_contig_dense,97,0.4182719886302948,76505.24268859033
32,2048,sdpa_contig_gqa,97,0.07539200037717819,424448.2151940178
32,2048,flashinfer_paged,97,0.09091199934482574,351988.7388971089
32,2048,sdpa_contig_dense,98,0.4175359904766083,76640.0998473753
32,2048,sdpa_contig_gqa,98,0.07475200295448303,428082.17486138805
32,2048,flashinfer_paged,98,0.09001599997282028,355492.35702166485
32,2048,sdpa_contig_dense,99,0.4195840060710907,76266.01475981475
32,2048,sdpa_contig_gqa,99,0.0759039968252182,421585.1778356997
32,2048,flashinfer_paged,99,0.09123200178146362,350754.11451184127
32,8192,sdpa_contig_dense,0,1.721343994140625,18590.124988919422
32,8192,sdpa_contig_gqa,0,0.2606399953365326,122774.71060679812
32,8192,flashinfer_paged,0,0.2871359884738922,111445.4519270739
32,8192,sdpa_contig_dense,1,1.628640055656433,19648.294838912218
32,8192,sdpa_contig_gqa,1,0.24560000002384186,130293.1595964722
32,8192,flashinfer_paged,1,0.26841598749160767,119217.93593237629
32,8192,sdpa_contig_dense,2,1.6120959520339966,19849.93508582743
32,8192,sdpa_contig_gqa,2,0.24432000517845154,130975.76670656654
32,8192,flashinfer_paged,2,0.2691200077533722,118906.06078358002
32,8192,sdpa_contig_dense,3,1.6172159910202026,19787.09101176594
32,8192,sdpa_contig_gqa,3,0.24348799884319305,131423.3151203813
32,8192,flashinfer_paged,3,0.2722879946231842,117522.6254256431
32,8192,sdpa_contig_dense,4,1.6137280464172363,19829.85923250556
32,8192,sdpa_contig_gqa,4,0.24352000653743744,131406.04115038284
32,8192,flashinfer_paged,4,0.26521599292755127,120656.373873884
32,8192,sdpa_contig_dense,5,1.6091200113296509,19886.645977112486
32,8192,sdpa_contig_gqa,5,0.24636800587177277,129886.99521582786
32,8192,flashinfer_paged,5,0.2650560140609741,120729.19798997145
32,8192,sdpa_contig_dense,6,1.6072319746017456,19910.007084029825
32,8192,sdpa_contig_gqa,6,0.24793599545955658,129065.56767074934
32,8192,flashinfer_paged,6,0.2643519937992096,121050.7230912199
32,8192,sdpa_contig_dense,7,1.6080000400543213,19900.497016728295
32,8192,sdpa_contig_gqa,7,0.24563199281692505,130276.18932298574
32,8192,flashinfer_paged,7,0.26419198513031006,121124.03782505484
32,8192,sdpa_contig_dense,8,1.6126400232315063,19843.238130650167
32,8192,sdpa_contig_gqa,8,0.2452480047941208,130480.16446398066
32,8192,flashinfer_paged,8,0.2642880082130432,121080.03013971304
32,8192,sdpa_contig_dense,9,1.6160320043563843,19801.58803398489
32,8192,sdpa_contig_gqa,9,0.24767999351024628,129198.96979356224
32,8192,flashinfer_paged,9,0.26627200841903687,120177.85943778607
32,8192,sdpa_contig_dense,10,1.6064000129699707,19920.318564264224
32,8192,sdpa_contig_gqa,10,0.24646399915218353,129836.40657490524
32,8192,flashinfer_paged,10,0.2653439939022064,120598.16967929459
32,8192,sdpa_contig_dense,11,1.6098239421844482,19877.95010464166
32,8192,sdpa_contig_gqa,11,0.2473279982805252,129382.84473440346
32,8192,flashinfer_paged,11,0.2637439966201782,121329.77588143434
32,8192,sdpa_contig_dense,12,1.6044800281524658,19944.15601224249
32,8192,sdpa_contig_gqa,12,0.24249599874019623,131960.94024744694
32,8192,flashinfer_paged,12,0.2706559896469116,118231.26486779799
32,8192,sdpa_contig_dense,13,1.6152960062026978,19810.610486945287
32,8192,sdpa_contig_gqa,13,0.2492160052061081,128402.66809322768
32,8192,flashinfer_paged,13,0.2661440074443817,120235.65853417647
32,8192,sdpa_contig_dense,14,1.616927981376648,19790.615518172486
32,8192,sdpa_contig_gqa,14,0.24713599681854248,129483.36305494068
32,8192,flashinfer_paged,14,0.2650879919528961,120714.63427768591
32,8192,sdpa_contig_dense,15,1.6091519594192505,19886.251147808893
32,8192,sdpa_contig_gqa,15,0.24697600305080414,129567.24379986605
32,8192,flashinfer_paged,15,0.263839989900589,121285.6322957605
32,8192,sdpa_contig_dense,16,1.6173440217971802,19785.52464332347
32,8192,sdpa_contig_gqa,16,0.24508799612522125,130565.35002085718
32,8192,flashinfer_paged,16,0.26492801308631897,120787.52876002488
32,8192,sdpa_contig_dense,17,1.6051839590072632,19935.409783057272
32,8192,sdpa_contig_gqa,17,0.2520639896392822,126951.89045366537
32,8192,flashinfer_paged,17,0.2637760043144226,121315.05321407403
32,8192,sdpa_contig_dense,18,1.6022720336914062,19971.639850866373
32,8192,sdpa_contig_gqa,18,0.2436159998178482,131354.26254403
32,8192,flashinfer_paged,18,0.2645759880542755,120948.23961664832
32,8192,sdpa_contig_dense,19,1.616960048675537,19790.223033779603
32,8192,sdpa_contig_gqa,19,0.24819199740886688,128932.44074781265
32,8192,flashinfer_paged,19,0.2656640112400055,120452.89781870622
32,8192,sdpa_contig_dense,20,1.6139520406723022,19827.107121888326
32,8192,sdpa_contig_gqa,20,0.24595199525356293,130106.68999456486
32,8192,flashinfer_paged,20,0.2701759934425354,118441.31520443982
32,8192,sdpa_contig_dense,21,1.6069120168685913,19913.971433457064
32,8192,sdpa_contig_gqa,21,0.2476159930229187,129232.36342427268
32,8192,flashinfer_paged,21,0.26495999097824097,120772.95097216358
32,8192,sdpa_contig_dense,22,1.6039040088653564,19951.31867189336
32,8192,sdpa_contig_gqa,22,0.24643200635910034,129853.26245881247
32,8192,flashinfer_paged,22,0.263264000415802,121550.99044859478
32,8192,sdpa_contig_dense,23,1.608191967010498,19898.12202549766
32,8192,sdpa_contig_gqa,23,0.24828800559043884,128882.58506045314
32,8192,flashinfer_paged,23,0.26335999369621277,121506.6857759428
32,8192,sdpa_contig_dense,24,1.6085439920425415,19893.767381124686
32,8192,sdpa_contig_gqa,24,0.24639999866485596,129870.13057384468
32,8192,flashinfer_paged,24,0.264384001493454,121036.06806477776
32,8192,sdpa_contig_dense,25,1.6028159856796265,19964.86202153228
32,8192,sdpa_contig_gqa,25,0.2455040067434311,130344.10486604499
32,8192,flashinfer_paged,25,0.2655999958515167,120481.9295926855
32,8192,sdpa_contig_dense,26,1.6138559579849243,19828.287550492114
32,8192,sdpa_contig_gqa,26,0.24476799368858337,130736.04729837913
32,8192,flashinfer_paged,26,0.26576000452041626,120409.38988448012
32,8192,sdpa_contig_dense,27,1.602463960647583,19969.247849460688
32,8192,sdpa_contig_gqa,27,0.24505600333213806,130582.39571722965
32,8192,flashinfer_paged,27,0.26416000723838806,121138.70049648348
32,8192,sdpa_contig_dense,28,1.6108479499816895,19865.313793498477
32,8192,sdpa_contig_gqa,28,0.24611200392246246,130022.10168538384
32,8192,flashinfer_paged,28,0.2640959918498993,121168.0638386493
32,8192,sdpa_contig_dense,29,1.617184042930603,19787.481913320604
32,8192,sdpa_contig_gqa,29,0.24691200256347656,129600.82809977366
32,8192,flashinfer_paged,29,0.26550400257110596,120525.48997422334
32,8192,sdpa_contig_dense,30,1.613152027130127,19836.940016701028
32,8192,sdpa_contig_gqa,30,0.24560000002384186,130293.1595964722
32,8192,flashinfer_paged,30,0.2659839987754822,120307.98900429829
32,8192,sdpa_contig_dense,31,1.6100800037384033,19874.788784221917
32,8192,sdpa_contig_gqa,31,0.24659200012683868,129769.01109338611
32,8192,flashinfer_paged,31,0.26601600646972656,120293.51325384136
32,8192,sdpa_contig_dense,32,1.6136000156402588,19831.43262879974
32,8192,sdpa_contig_gqa,32,0.246848002076149,129634.42981454016
32,8192,flashinfer_paged,32,0.263264000415802,121550.99044859478
32,8192,sdpa_contig_dense,33,1.6252800226211548,19688.914866739276
32,8192,sdpa_contig_gqa,33,0.2452159970998764,130497.19585368816
32,8192,flashinfer_paged,33,0.2632000148296356,121580.54026217663
32,8192,sdpa_contig_dense,34,1.613919973373413,19827.501070647046
32,8192,sdpa_contig_gqa,34,0.24515199661254883,130531.26404095534
32,8192,flashinfer_paged,34,0.26716798543930054,119774.82985988329
32,8192,sdpa_contig_dense,35,1.605023980140686,19937.39682144505
32,8192,sdpa_contig_gqa,35,0.24611200392246246,130022.10168538384
32,8192,flashinfer_paged,35,0.26495999097824097,120772.95097216358
32,8192,sdpa_contig_dense,36,1.613055944442749,19838.12161645442
32,8192,sdpa_contig_gqa,36,0.2481279969215393,128965.69672514117
32,8192,flashinfer_paged,36,0.26492801308631897,120787.52876002488
32,8192,sdpa_contig_dense,37,1.6156799793243408,19805.902412297044
32,8192,sdpa_contig_gqa,37,0.25305598974227905,126454.2286969374
32,8192,flashinfer_paged,37,0.2632960081100464,121536.21404934244
32,8192,sdpa_contig_dense,38,1.609663963317871,19879.925704518457
32,8192,sdpa_contig_gqa,38,0.24620799720287323,129971.40776719889
32,8192,flashinfer_paged,38,0.2639999985694885,121212.1218689217
32,8192,sdpa_contig_dense,39,1.6115520000457764,19856.635094052835
32,8192,sdpa_contig_gqa,39,0.24956800043582916,128221.5666436294
32,8192,flashinfer_paged,39,0.2661440074443817,120235.65853417647
32,8192,sdpa_contig_dense,40,1.6044800281524658,19944.15601224249
32,8192,sdpa_contig_gqa,40,0.2460480034351349,130055.92223159857
32,8192,flashinfer_paged,40,0.26502400636672974,120743.77879458839
32,8192,sdpa_contig_dense,41,1.6295360326766968,19637.491505748658
32,8192,sdpa_contig_gqa,41,0.24624000489711761,129954.51333494746
32,8192,flashinfer_paged,41,0.2670080065727234,119846.59340649529
32,8192,sdpa_contig_dense,42,1.605728030204773,19928.655038748468
32,8192,sdpa_contig_gqa,42,0.2465600073337555,129785.84948159601
32,8192,flashinfer_paged,42,0.2648000121116638,120845.91592279037
32,8192,sdpa_contig_dense,43,1.6091200113296509,19886.645977112486
32,8192,sdpa_contig_gqa,43,0.24739199876785278,129349.37329977311
32,8192,flashinfer_paged,43,0.2744959890842438,116577.29537963882
32,8192,sdpa_contig_dense,44,1.6077120304107666,19904.06204264334
32,8192,sdpa_contig_gqa,44,0.24480000138282776,130718.95350995997
32,8192,flashinfer_paged,44,0.2667520046234131,119961.61020486415
32,8192,sdpa_contig_dense,45,1.6250560283660889,19691.62874474819
32,8192,sdpa_contig_gqa,45,0.24617600440979004,129988.29872440407
32,8192,flashinfer_paged,45,0.263264000415802,121550.99044859478
32,8192,sdpa_contig_dense,46,1.619488000869751,19759.3313336155
32,8192,sdpa_contig_gqa,46,0.24691200256347656,129600.82809977366
32,8192,flashinfer_paged,46,0.26204800605773926,122115.02953756179
32,8192,sdpa_contig_dense,47,1.6119680404663086,19851.510201618556
32,8192,sdpa_contig_gqa,47,0.24531200528144836,130446.12294162347
32,8192,flashinfer_paged,47,0.2656959891319275,120438.40068700045
32,8192,sdpa_contig_dense,48,1.6149760484695435,19814.535348883524
32,8192,sdpa_contig_gqa,48,0.2460159957408905,130072.84304270649
32,8192,flashinfer_paged,48,0.2625280022621155,121891.7590667158
32,8192,sdpa_contig_dense,49,1.6083199977874756,19896.53802975874
32,8192,sdpa_contig_gqa,49,0.24451200664043427,130872.91883812241
32,8192,flashinfer_paged,49,0.2640320062637329,121197.42773925768
32,8192,sdpa_contig_dense,50,1.6028800010681152,19964.06467026607
32,8192,sdpa_contig_gqa,50,0.2486400008201599,128700.12827560052
32,8192,flashinfer_paged,50,0.26550400257110596,120525.48997422334
32,8192,sdpa_contig_dense,51,1.615007996559143,19814.14337772793
32,8192,sdpa_contig_gqa,51,0.2465600073337555,129785.84948159601
32,8192,flashinfer_paged,51,0.263808012008667,121300.33411930146
32,8192,sdpa_contig_dense,52,1.6081279516220093,19898.914117949244
32,8192,sdpa_contig_gqa,52,0.24537600576877594,130412.09917710705
32,8192,flashinfer_paged,52,0.2659839987754822,120307.98900429829
32,8192,sdpa_contig_dense,53,1.6203199625015259,19749.185803152668
32,8192,sdpa_contig_gqa,53,0.24668799340724945,129718.51429823018
32,8192,flashinfer_paged,53,0.2643519937992096,121050.7230912199
32,8192,sdpa_contig_dense,54,1.6101759672164917,19873.60428395807
32,8192,sdpa_contig_gqa,54,0.24428799748420715,130992.92773100222
32,8192,flashinfer_paged,54,0.2648319900035858,120831.32403893775
32,8192,sdpa_contig_dense,55,1.6106560230255127,19867.680958899018
32,8192,sdpa_contig_gqa,55,0.24515199661254883,130531.26404095534
32,8192,flashinfer_paged,55,0.2669120132923126,119889.6955040938
32,8192,sdpa_contig_dense,56,1.605728030204773,19928.655038748468
32,8192,sdpa_contig_gqa,56,0.24611200392246246,130022.10168538384
32,8192,flashinfer_paged,56,0.2658880054950714,120351.42367711342
32,8192,sdpa_contig_dense,57,1.6106560230255127,19867.680958899018
32,8192,sdpa_contig_gqa,57,0.24553599953651428,130327.1213199073
32,8192,flashinfer_paged,57,0.2646079957485199,120933.6093925612
32,8192,sdpa_contig_dense,58,1.6041280031204224,19948.532746608846
32,8192,sdpa_contig_gqa,58,0.2476159930229187,129232.36342427268
32,8192,flashinfer_paged,58,0.2635520100593567,121418.15952302174
32,8192,sdpa_contig_dense,59,1.6106560230255127,19867.680958899018
32,8192,sdpa_contig_gqa,59,0.24809600412845612,128982.32727453132
32,8192,flashinfer_paged,59,0.2661759853363037,120221.21364393245
32,8192,sdpa_contig_dense,60,1.6310720443725586,19618.998504943276
32,8192,sdpa_contig_gqa,60,0.2465600073337555,129785.84948159601
32,8192,flashinfer_paged,60,0.26822400093078613,119303.26849556406
32,8192,sdpa_contig_dense,61,1.6056959629058838,19929.053033233322
32,8192,sdpa_contig_gqa,61,0.24723200500011444,129433.08047833527
32,8192,flashinfer_paged,61,0.26710399985313416,119803.52228942676
32,8192,sdpa_contig_dense,62,1.6138880252838135,19827.893570480253
32,8192,sdpa_contig_gqa,62,0.24563199281692505,130276.18932298574
32,8192,flashinfer_paged,62,0.2664960026741028,120076.84797858942
32,8192,sdpa_contig_dense,63,1.6073919534683228,19908.025501155797
32,8192,sdpa_contig_gqa,63,0.24643200635910034,129853.26245881247
32,8192,flashinfer_paged,63,0.263839989900589,121285.6322957605
32,8192,sdpa_contig_dense,64,1.6117119789123535,19854.66412031935
32,8192,sdpa_contig_gqa,64,0.2449280023574829,130650.63893059737
32,8192,flashinfer_paged,64,0.2707839906215668,118175.3763453523
32,8192,sdpa_contig_dense,65,1.6158080101013184,19804.33306429361
32,8192,sdpa_contig_gqa,65,0.2526400089263916,126662.44010988544
32,8192,flashinfer_paged,65,0.26492801308631897,120787.52876002488
32,8192,sdpa_contig_dense,66,1.6088320016860962,19890.206041689373
32,8192,sdpa_contig_gqa,66,0.2561599910259247,124921.92817402714
32,8192,flashinfer_paged,66,0.2656640112400055,120452.89781870622
32,8192,sdpa_contig_dense,67,1.6077439785003662,19903.666521486968
32,8192,sdpa_contig_gqa,67,0.2539519965648651,126008.06622060352
32,8192,flashinfer_paged,67,0.2655999958515167,120481.9295926855
32,8192,sdpa_contig_dense,68,1.607583999633789,19905.6472366543
32,8192,sdpa_contig_gqa,68,0.25040000677108765,127795.52370081992
32,8192,flashinfer_paged,68,0.2685439884662628,119161.11093293068
32,8192,sdpa_contig_dense,69,1.607103943824768,19911.59322516674
32,8192,sdpa_contig_gqa,69,0.24566400051116943,130259.21556848162
32,8192,flashinfer_paged,69,0.2648319900035858,120831.32403893775
32,8192,sdpa_contig_dense,70,1.6072319746017456,19910.007084029825
32,8192,sdpa_contig_gqa,70,0.24668799340724945,129718.51429823018
32,8192,flashinfer_paged,70,0.26499199867248535,120758.36312156027
32,8192,sdpa_contig_dense,71,1.6156799793243408,19805.902412297044
32,8192,sdpa_contig_gqa,71,0.24480000138282776,130718.95350995997
32,8192,flashinfer_paged,71,0.2815999984741211,113636.3642521141
32,8192,sdpa_contig_dense,72,1.6149120330810547,19815.32080044503
32,8192,sdpa_contig_gqa,72,0.252128005027771,126919.65732436313
32,8192,flashinfer_paged,72,0.267520010471344,119617.22019829148
32,8192,sdpa_contig_dense,73,1.6046719551086426,19941.770589387208
32,8192,sdpa_contig_gqa,73,0.24723200500011444,129433.08047833527
32,8192,flashinfer_paged,73,0.26361599564552307,121388.68857954086
32,8192,sdpa_contig_dense,74,1.6076480150222778,19904.85460808818
32,8192,sdpa_contig_gqa,74,0.24713599681854248,129483.36305494068
32,8192,flashinfer_paged,74,0.2641279995441437,121153.38038840462
32,8192,sdpa_contig_dense,75,1.61571204662323,19805.50932134142
32,8192,sdpa_contig_gqa,75,0.2494720071554184,128270.90447893155
32,8192,flashinfer_paged,75,0.26396799087524414,121226.81956208758
32,8192,sdpa_contig_dense,76,1.609279990196228,19884.669041400353
32,8192,sdpa_contig_gqa,76,0.24508799612522125,130565.35002085718
32,8192,flashinfer_paged,76,0.26316800713539124,121595.32744243133
32,8192,sdpa_contig_dense,77,1.6087360382080078,19891.392521824288
32,8192,sdpa_contig_gqa,77,0.24342399835586548,131457.86864127786
32,8192,flashinfer_paged,77,0.2666879892349243,119990.40561144783
32,8192,sdpa_contig_dense,78,1.6087039709091187,19891.78902934889
32,8192,sdpa_contig_gqa,78,0.24569599330425262,130242.25413547324
32,8192,flashinfer_paged,78,0.26553601026535034,120510.9618391207
32,8192,sdpa_contig_dense,79,1.6147520542144775,19817.283970303986
32,8192,sdpa_contig_gqa,79,0.2463040053844452,129920.7455033165
32,8192,flashinfer_paged,79,0.26451200246810913,120977.49705652044
32,8192,sdpa_contig_dense,80,1.6063679456710815,19920.716225840508
32,8192,sdpa_contig_gqa,80,0.2457599937915802,130208.33662267259
32,8192,flashinfer_paged,80,0.26495999097824097,120772.95097216358
32,8192,sdpa_contig_dense,81,1.604640007019043,19942.16762639911
32,8192,sdpa_contig_gqa,81,0.24764800071716309,129215.66056391047
32,8192,flashinfer_paged,81,0.27008000016212463,118483.41225115121
32,8192,sdpa_contig_dense,82,1.6134400367736816,19833.398992620052
32,8192,sdpa_contig_gqa,82,0.24447999894618988,130890.05292021131
32,8192,flashinfer_paged,82,0.26265600323677063,121832.35717309563
32,8192,sdpa_contig_dense,83,1.6064000129699707,19920.318564264224
32,8192,sdpa_contig_gqa,83,0.2500799894332886,127959.05850970268
32,8192,flashinfer_paged,83,0.26470398902893066,120889.75355978704
32,8192,sdpa_contig_dense,84,1.6087679862976074,19890.997504024355
32,8192,sdpa_contig_gqa,84,0.2462719976902008,129937.63115632243
32,8192,flashinfer_paged,84,0.2637760043144226,121315.05321407403
32,8192,sdpa_contig_dense,85,1.6083199977874756,19896.53802975874
32,8192,sdpa_contig_gqa,85,0.24540799856185913,130395.0979084892
32,8192,flashinfer_paged,85,0.2662079930305481,120206.75876673587
32,8192,sdpa_contig_dense,86,1.6047999858856201,19940.17963699107
32,8192,sdpa_contig_gqa,86,0.24537600576877594,130412.09917710705
32,8192,flashinfer_paged,86,0.2619839906692505,122144.86815875462
32,8192,sdpa_contig_dense,87,1.6143360137939453,19822.391203919768
32,8192,sdpa_contig_gqa,87,0.24694399535655975,129584.03768350612
32,8192,flashinfer_paged,87,0.2611519992351532,122534.00354475455
32,8192,sdpa_contig_dense,88,1.6086080074310303,19892.97569835205
32,8192,sdpa_contig_gqa,88,0.2455040067434311,130344.10486604499
32,8192,flashinfer_paged,88,0.2630079984664917,121669.30354430621
32,8192,sdpa_contig_dense,89,1.6020159721374512,19974.83205944868
32,8192,sdpa_contig_gqa,89,0.24534399807453156,130429.11280136112
32,8192,flashinfer_paged,89,0.2645440101623535,120962.85975388842
32,8192,sdpa_contig_dense,90,1.6047680377960205,19940.576610653727
32,8192,sdpa_contig_gqa,90,0.2473600059747696,129366.10295547923
32,8192,flashinfer_paged,90,0.26425600051879883,121094.69581457456
32,8192,sdpa_contig_dense,91,1.6046080589294434,19942.564679221196
32,8192,sdpa_contig_gqa,91,0.24879999458789825,128617.36614184192
32,8192,flashinfer_paged,91,0.2624639868736267,121921.48866277651
32,8192,sdpa_contig_dense,92,1.604159951210022,19948.135456107302
32,8192,sdpa_contig_gqa,92,0.24348799884319305,131423.3151203813
32,8192,flashinfer_paged,92,0.26345598697662354,121462.41338914557
32,8192,sdpa_contig_dense,93,1.607807993888855,19902.874050651168
32,8192,sdpa_contig_gqa,93,0.24659200012683868,129769.01109338611
32,8192,flashinfer_paged,93,0.26550400257110596,120525.48997422334
32,8192,sdpa_contig_dense,94,1.6135679483413696,19831.826749467644
32,8192,sdpa_contig_gqa,94,0.2452480047941208,130480.16446398066
32,8192,flashinfer_paged,94,0.2638719975948334,121270.92033893998
32,8192,sdpa_contig_dense,95,1.611807942390442,19853.4820175544
32,8192,sdpa_contig_gqa,95,0.2460159957408905,130072.84304270649
32,8192,flashinfer_paged,95,0.26495999097824097,120772.95097216358
32,8192,sdpa_contig_dense,96,1.6148159503936768,19816.49982600104
32,8192,sdpa_contig_gqa,96,0.24566400051116943,130259.21556848162
32,8192,flashinfer_paged,96,0.2646079957485199,120933.6093925612
32,8192,sdpa_contig_dense,97,1.6188479661941528,19767.14346760476
32,8192,sdpa_contig_gqa,97,0.24560000002384186,130293.1595964722
32,8192,flashinfer_paged,97,0.2654399871826172,120554.55675555268
32,8192,sdpa_contig_dense,98,1.6048320531845093,19939.781197977434
32,8192,sdpa_contig_gqa,98,0.24742400646209717,129332.64018138868
32,8192,flashinfer_paged,98,0.2648000121116638,120845.91592279037
32,8192,sdpa_contig_dense,99,1.603935956954956,19950.92127041745
32,8192,sdpa_contig_gqa,99,0.2481279969215393,128965.69672514117
32,8192,flashinfer_paged,99,0.2630079984664917,121669.30354430621
64,512,sdpa_contig_dense,0,0.23900799453258514,267773.46977519017
64,512,sdpa_contig_gqa,0,0.0560000017285347,1142857.1075809256
64,512,flashinfer_paged,0,0.06371200084686279,1004520.3281847864
64,512,sdpa_contig_dense,1,0.2189760059118271,292269.46456302726
64,512,sdpa_contig_gqa,1,0.05023999884724617,1273885.379547696
64,512,flashinfer_paged,1,0.061503998935222626,1040582.7443416519
64,512,sdpa_contig_dense,2,0.22201600670814514,288267.5035414553
64,512,sdpa_contig_gqa,2,0.049215998500585556,1300390.1566527914
64,512,flashinfer_paged,2,0.06047999858856201,1058201.082896581
64,512,sdpa_contig_dense,3,0.21689599752426147,295072.2960797887
64,512,sdpa_contig_gqa,3,0.04927999898791313,1298701.3253733474
64,512,flashinfer_paged,3,0.06038400158286095,1059883.3850416
64,512,sdpa_contig_dense,4,0.22099199891090393,289603.2449835549
64,512,sdpa_contig_gqa,4,0.04841599985957146,1321877.0692669628
64,512,flashinfer_paged,4,0.059647999703884125,1072961.3787171557
64,512,sdpa_contig_dense,5,0.2197120040655136,291290.41115530726
64,512,sdpa_contig_gqa,5,0.04831999912858009,1324503.335144838
64,512,flashinfer_paged,5,0.06022400036454201,1062699.249677894
64,512,sdpa_contig_dense,6,0.22336000204086304,286532.9486713176
64,512,sdpa_contig_gqa,6,0.049215998500585556,1300390.1566527914
64,512,flashinfer_paged,6,0.059647999703884125,1072961.3787171557
64,512,sdpa_contig_dense,7,0.21756799519062042,294160.91251807014
64,512,sdpa_contig_gqa,7,0.04831999912858009,1324503.335144838
64,512,flashinfer_paged,7,0.05817599967122078,1100110.0172183258
64,512,sdpa_contig_dense,8,0.22281600534915924,287232.50782505557
64,512,sdpa_contig_gqa,8,0.04809600114822388,1330671.957586716
64,512,flashinfer_paged,8,0.058368001133203506,1096491.2067820092
64,512,sdpa_contig_dense,9,0.21932800114154816,291800.4070018228
64,512,sdpa_contig_gqa,9,0.049056001007556915,1304631.414822032
64,512,flashinfer_paged,9,0.059039998799562454,1084010.8621491757
64,512,sdpa_contig_dense,10,0.21935999393463135,291757.8490591672
64,512,sdpa_contig_gqa,10,0.048448000103235245,1321003.9601970327
64,512,flashinfer_paged,10,0.058559998869895935,1092896.195954345
64,512,sdpa_contig_dense,11,0.21884800493717194,292440.4086679861
64,512,sdpa_contig_gqa,11,0.04927999898791313,1298701.3253733474
64,512,flashinfer_paged,11,0.05875200033187866,1089324.6125829997
64,512,sdpa_contig_dense,12,0.2202560007572174,290570.9709609482
64,512,sdpa_contig_gqa,12,0.04927999898791313,1298701.3253733474
64,512,flashinfer_paged,12,0.05737600103020668,1115448.948181418
64,512,sdpa_contig_dense,13,0.2189120054244995,292354.91162714205
64,512,sdpa_contig_gqa,13,0.047775998711586,1339584.7648597574
64,512,flashinfer_paged,13,0.057920001447200775,1104972.3480815464
64,512,sdpa_contig_dense,14,0.21833600103855133,293126.189430847
64,512,sdpa_contig_gqa,14,0.04790399968624115,1336005.3527718666
64,512,flashinfer_paged,14,0.05967999994754791,1072386.0599237415
64,512,sdpa_contig_dense,15,0.22041599452495575,290360.0536700337
64,512,sdpa_contig_gqa,15,0.04806400090456009,1331557.8977098425
64,512,flashinfer_paged,15,0.05878400057554245,1088731.6169942287
64,512,sdpa_contig_dense,16,0.21836799383163452,293083.2439178111
64,512,sdpa_contig_gqa,16,0.04800000041723251,1333333.3217435414
64,512,flashinfer_paged,16,0.057920001447200775,1104972.3480815464
64,512,sdpa_contig_dense,17,0.2210559993982315,289519.3985877952
64,512,sdpa_contig_gqa,17,0.048895999789237976,1308900.5292021132
64,512,flashinfer_paged,17,0.05772799998521805,1108647.4503947473
64,512,sdpa_contig_dense,18,0.2213120013475418,289184.49795000633
64,512,sdpa_contig_gqa,18,0.04809600114822388,1330671.957586716
64,512,flashinfer_paged,18,0.05814399942755699,1100715.475889118
64,512,sdpa_contig_dense,19,0.21881599724292755,292483.1859022984
64,512,sdpa_contig_gqa,19,0.0480320006608963,1332445.0183084614
64,512,flashinfer_paged,19,0.05878400057554245,1088731.6169942287
64,512,sdpa_contig_dense,20,0.22060799598693848,290107.3449930131
64,512,sdpa_contig_gqa,20,0.0488319993019104,1310616.0082512985
64,512,flashinfer_paged,20,0.05817599967122078,1100110.0172183258
64,512,sdpa_contig_dense,21,0.2226559966802597,287438.92351529974
64,512,sdpa_contig_gqa,21,0.04793599992990494,1335113.4865984826
64,512,flashinfer_paged,21,0.05833600088953972,1097092.6876044378
64,512,sdpa_contig_dense,22,0.21872000396251678,292611.55285534845
64,512,sdpa_contig_gqa,22,0.04774399846792221,1340482.6167418659
64,512,flashinfer_paged,22,0.0586559996008873,1091107.4815104143
64,512,sdpa_contig_dense,23,0.21926400065422058,291885.5799814034
64,512,sdpa_contig_gqa,23,0.04800000041723251,1333333.3217435414
64,512,flashinfer_paged,23,0.058880001306533813,1086956.4976198128
64,512,sdpa_contig_dense,24,0.2194560021162033,291630.2100778798
64,512,sdpa_contig_gqa,24,0.04806400090456009,1331557.8977098425
64,512,flashinfer_paged,24,0.058079998940229416,1101928.3947622469
64,512,sdpa_contig_dense,25,0.21952000260353088,291545.1860466158
64,512,sdpa_contig_gqa,25,0.04870399832725525,1314060.491912118
64,512,flashinfer_paged,25,0.05766399949789047,1109877.9230937895
64,512,sdpa_contig_dense,26,0.21795199811458588,293642.63945106254
64,512,sdpa_contig_gqa,26,0.04806400090456009,1331557.8977098425
64,512,flashinfer_paged,26,0.05923200026154518,1080497.023862122
64,512,sdpa_contig_dense,27,0.2197120040655136,291290.41115530726
64,512,sdpa_contig_gqa,27,0.04755200073122978,1345894.999491956
64,512,flashinfer_paged,27,0.062111999839544296,1030396.7053924045
64,512,sdpa_contig_dense,28,0.22047999501228333,290275.7685405175
64,512,sdpa_contig_gqa,28,0.04831999912858009,1324503.335144838
64,512,flashinfer_paged,28,0.05804799869656563,1102535.8571713604
64,512,sdpa_contig_dense,29,0.22060799598693848,290107.3449930131
64,512,sdpa_contig_gqa,29,0.04806400090456009,1331557.8977098425
64,512,flashinfer_paged,29,0.05987200140953064,1068947.061953607
64,512,sdpa_contig_dense,30,0.21855999529361725,292825.7749732347
64,512,sdpa_contig_gqa,30,0.04774399846792221,1340482.6167418659
64,512,flashinfer_paged,30,0.058368001133203506,1096491.2067820092
64,512,sdpa_contig_dense,31,0.21967999637126923,291332.85259089805
64,512,sdpa_contig_gqa,31,0.04899200052022934,1306335.7144106352
64,512,flashinfer_paged,31,0.05772799998521805,1108647.4503947473
64,512,sdpa_contig_dense,32,0.22009600698947906,290782.1948948819
64,512,sdpa_contig_gqa,32,0.04771199822425842,1341381.6729952048
64,512,flashinfer_paged,32,0.05967999994754791,1072386.0599237415
64,512,sdpa_contig_dense,33,0.22604799270629883,283125.7169496495
64,512,sdpa_contig_gqa,33,0.07347200065851212,871080.1315655377
64,512,flashinfer_paged,33,0.0575999990105629,1111111.1301974752
64,512,sdpa_contig_dense,34,0.22867199778556824,279876.8568944523
64,512,sdpa_contig_gqa,34,0.050016000866889954,1279590.5088518842
64,512,flashinfer_paged,34,0.058559998869895935,1092896.195954345
64,512,sdpa_contig_dense,35,0.22140799462795258,289059.1196019986
64,512,sdpa_contig_gqa,35,0.04793599992990494,1335113.4865984826
64,512,flashinfer_paged,35,0.05843200162053108,1095290.2215403914
64,512,sdpa_contig_dense,36,0.21926400065422058,291885.5799814034
64,512,sdpa_contig_gqa,36,0.047648001462221146,1343183.3033069377
64,512,flashinfer_paged,36,0.05804799869656563,1102535.8571713604
64,512,sdpa_contig_dense,37,0.21939200162887573,291715.28371514025
64,512,sdpa_contig_gqa,37,0.04822399839758873,1327140.057370276
64,512,flashinfer_paged,37,0.05769599974155426,1109262.345512412
64,512,sdpa_contig_dense,38,0.21798400580883026,293599.52241692145
64,512,sdpa_contig_gqa,38,0.04793599992990494,1335113.4865984826
64,512,flashinfer_paged,38,0.05920000001788139,1081081.08075454
64,512,sdpa_contig_dense,39,0.21772800385951996,293944.73317861935
64,512,sdpa_contig_gqa,39,0.047775998711586,1339584.7648597574
64,512,flashinfer_paged,39,0.05820799991488457,1099505.224257574
64,512,sdpa_contig_dense,40,0.21807999908924103,293470.28735913744
64,512,sdpa_contig_gqa,40,0.047968000173568726,1334222.8103823517
64,512,flashinfer_paged,40,0.05769599974155426,1109262.345512412
64,512,sdpa_contig_dense,41,0.21878400444984436,292525.9557294182
64,512,sdpa_contig_gqa,41,0.04806400090456009,1331557.8977098425
64,512,flashinfer_paged,41,0.058880001306533813,1086956.4976198128
64,512,sdpa_contig_dense,42,0.21907199919223785,292141.39751305856
64,512,sdpa_contig_gqa,42,0.04771199822425842,1341381.6729952048
64,512,flashinfer_paged,42,0.057760000228881836,1108033.2366064978
64,512,sdpa_contig_dense,43,0.21622399985790253,295989.34457811964
64,512,sdpa_contig_gqa,43,0.04841599985957146,1321877.0692669628
64,512,flashinfer_paged,43,0.058687999844551086,1090512.5437826982
64,512,sdpa_contig_dense,44,0.21849599480628967,292911.5476772926
64,512,sdpa_contig_gqa,44,0.04870399832725525,1314060.491912118
64,512,flashinfer_paged,44,0.057472001761198044,1113585.711977224
64,512,sdpa_contig_dense,45,0.2197439968585968,291248.0018336219
64,512,sdpa_contig_gqa,45,0.04806400090456009,1331557.8977098425
64,512,flashinfer_paged,45,0.05804799869656563,1102535.8571713604
64,512,sdpa_contig_dense,46,0.21875199675559998,292568.75799631584
64,512,sdpa_contig_gqa,46,0.04835199937224388,1323626.7544447964
64,512,flashinfer_paged,46,0.05833600088953972,1097092.6876044378
64,512,sdpa_contig_dense,47,0.2189439982175827,292312.19179800455
64,512,sdpa_contig_gqa,47,0.04940799996256828,1295336.7885461196
64,512,flashinfer_paged,47,0.05939200147986412,1077586.180046452
64,512,sdpa_contig_dense,48,0.2186560034751892,292697.2000897384
64,512,sdpa_contig_gqa,48,0.048128001391887665,1329787.1955843917
64,512,flashinfer_paged,48,0.05881600081920624,1088139.266672156
64,512,sdpa_contig_dense,49,0.22032000124454498,290486.56335546664
64,512,sdpa_contig_gqa,49,0.04809600114822388,1330671.957586716
64,512,flashinfer_paged,49,0.05766399949789047,1109877.9230937895
64,512,sdpa_contig_dense,50,0.21782399713993073,293815.19410318334
64,512,sdpa_contig_gqa,50,0.04841599985957146,1321877.0692669628
64,512,flashinfer_paged,50,0.05859199911355972,1092299.3065308933
64,512,sdpa_contig_dense,51,0.21532799303531647,297220.99341493053
64,512,sdpa_contig_gqa,51,0.048576001077890396,1317523.027417955
64,512,flashinfer_paged,51,0.05862399935722351,1091703.0687384189
64,512,sdpa_contig_dense,52,0.21836799383163452,293083.2439178111
64,512,sdpa_contig_gqa,52,0.04774399846792221,1340482.6167418659
64,512,flashinfer_paged,52,0.0575999990105629,1111111.1301974752
64,512,sdpa_contig_dense,53,0.2202560007572174,290570.9709609482
64,512,sdpa_contig_gqa,53,0.047968000173568726,1334222.8103823517
64,512,flashinfer_paged,53,0.058400001376867294,1095890.3851216503
64,512,sdpa_contig_dense,54,0.2184319943189621,292997.3706440868
64,512,sdpa_contig_gqa,54,0.048128001391887665,1329787.1955843917
64,512,flashinfer_paged,54,0.05740800127387047,1114827.1770459618
64,512,sdpa_contig_dense,55,0.21644799411296844,295683.03583629953
64,512,sdpa_contig_gqa,55,0.04745600000023842,1348617.6668846607
64,512,flashinfer_paged,55,0.057920001447200775,1104972.3480815464
64,512,sdpa_contig_dense,56,0.2197120040655136,291290.41115530726
64,512,sdpa_contig_gqa,56,0.0480320006608963,1332445.0183084614
64,512,flashinfer_paged,56,0.05788800120353699,1105583.1721494915
64,512,sdpa_contig_dense,57,0.22022399306297302,290613.20299327787
64,512,sdpa_contig_gqa,57,0.04848000034689903,1320132.003755105
64,512,flashinfer_paged,57,0.057792000472545624,1107419.7030158788
64,512,sdpa_contig_dense,58,0.21875199675559998,292568.75799631584
64,512,sdpa_contig_gqa,58,0.04809600114822388,1330671.957586716
64,512,flashinfer_paged,58,0.058368001133203506,1096491.2067820092
64,512,sdpa_contig_dense,59,0.21872000396251678,292611.55285534845
64,512,sdpa_contig_gqa,59,0.04761600121855736,1344085.9871084117
64,512,flashinfer_paged,59,0.05849599838256836,1094091.933971877
64,512,sdpa_contig_dense,60,0.217631995677948,294074.40666356456
64,512,sdpa_contig_gqa,60,0.04771199822425842,1341381.6729952048
64,512,flashinfer_paged,60,0.057792000472545624,1107419.7030158788
64,512,sdpa_contig_dense,61,0.21644799411296844,295683.03583629953
64,512,sdpa_contig_gqa,61,0.04931199923157692,1297858.553644234
64,512,flashinfer_paged,61,0.05798399820923805,1103752.793469897
64,512,sdpa_contig_dense,62,0.21836799383163452,293083.2439178111
64,512,sdpa_contig_gqa,62,0.04758400097489357,1344989.8850197126
64,512,flashinfer_paged,62,0.05926400050520897,1079913.5977054867
64,512,sdpa_contig_dense,63,0.21792000532150269,293685.7490691561
64,512,sdpa_contig_gqa,63,0.04848000034689903,1320132.003755105
64,512,flashinfer_paged,63,0.05923200026154518,1080497.023862122
64,512,sdpa_contig_dense,64,0.21887999773025513,292397.66385082284
64,512,sdpa_contig_gqa,64,0.047520000487565994,1346801.332982859
64,512,flashinfer_paged,64,0.05782400071620941,1106806.8484936103
64,512,sdpa_contig_dense,65,0.2165759950876236,295508.2809343967
64,512,sdpa_contig_gqa,65,0.04841599985957146,1321877.0692669628
64,512,flashinfer_paged,65,0.05788800120353699,1105583.1721494915
64,512,sdpa_contig_dense,66,0.21651199460029602,295595.6325567586
64,512,sdpa_contig_gqa,66,0.048128001391887665,1329787.1955843917
64,512,flashinfer_paged,66,0.05814399942755699,1100715.475889118
64,512,sdpa_contig_dense,67,0.2199999988079071,290909.0924854121
64,512,sdpa_contig_gqa,67,0.0488319993019104,1310616.0082512985
64,512,flashinfer_paged,67,0.058079998940229416,1101928.3947622469
64,512,sdpa_contig_dense,68,0.21651199460029602,295595.6325567586
64,512,sdpa_contig_gqa,68,0.04758400097489357,1344989.8850197126
64,512,flashinfer_paged,68,0.057760000228881836,1108033.2366064978
64,512,sdpa_contig_dense,69,0.22006399929523468,290824.48835322005
64,512,sdpa_contig_gqa,69,0.04787199944257736,1336898.4112888002
64,512,flashinfer_paged,69,0.057631999254226685,1110494.1842756963
64,512,sdpa_contig_dense,70,0.21801599860191345,293556.43810737424
64,512,sdpa_contig_gqa,70,0.04825599864125252,1326259.984293195
64,512,flashinfer_paged,70,0.05881600081920624,1088139.266672156
64,512,sdpa_contig_dense,71,0.21910400688648224,292098.7201898064
64,512,sdpa_contig_gqa,71,0.047968000173568726,1334222.8103823517
64,512,flashinfer_paged,71,0.05795200169086456,1104362.1985897482
64,512,sdpa_contig_dense,72,0.21689599752426147,295072.2960797887
64,512,sdpa_contig_gqa,72,0.047359999269247055,1351351.3722023647
64,512,flashinfer_paged,72,0.05833600088953972,1097092.6876044378
64,512,sdpa_contig_dense,73,0.2186560034751892,292697.2000897384
64,512,sdpa_contig_gqa,73,0.048895999789237976,1308900.5292021132
64,512,flashinfer_paged,73,0.05798399820923805,1103752.793469897
64,512,sdpa_contig_dense,74,0.21910400688648224,292098.7201898064
64,512,sdpa_contig_gqa,74,0.05004800111055374,1278772.3501409562
64,512,flashinfer_paged,74,0.059487998485565186,1075847.2570821096
64,512,sdpa_contig_dense,75,0.21830399334430695,293169.167542711
64,512,sdpa_contig_gqa,75,0.0488319993019104,1310616.0082512985
64,512,flashinfer_paged,75,0.059039998799562454,1084010.8621491757
64,512,sdpa_contig_dense,76,0.22035199403762817,290444.3877602084
64,512,sdpa_contig_gqa,76,0.048576001077890396,1317523.027417955
64,512,flashinfer_paged,76,0.0578560009598732,1106194.671912911
64,512,sdpa_contig_dense,77,0.21590399742126465,296428.04563328833
64,512,sdpa_contig_gqa,77,0.04838399961590767,1322751.3332518735
64,512,flashinfer_paged,77,0.05788800120353699,1105583.1721494915
64,512,sdpa_contig_dense,78,0.21830399334430695,293169.167542711
64,512,sdpa_contig_gqa,78,0.04758400097489357,1344989.8850197126
64,512,flashinfer_paged,78,0.057440001517534256,1114206.098696972
64,512,sdpa_contig_dense,79,0.21692800521850586,295028.75820728857
64,512,sdpa_contig_gqa,79,0.04809600114822388,1330671.957586716
64,512,flashinfer_paged,79,0.05788800120353699,1105583.1721494915
64,512,sdpa_contig_dense,80,0.2189439982175827,292312.19179800455
64,512,sdpa_contig_gqa,80,0.04838399961590767,1322751.3332518735
64,512,flashinfer_paged,80,0.057920001447200775,1104972.3480815464
64,512,sdpa_contig_dense,81,0.2184319943189621,292997.3706440868
64,512,sdpa_contig_gqa,81,0.04831999912858009,1324503.335144838
64,512,flashinfer_paged,81,0.06032000109553337,1061007.9382896286
64,512,sdpa_contig_dense,82,0.22339199483394623,286491.91322890983
64,512,sdpa_contig_gqa,82,0.04848000034689903,1320132.003755105
64,512,flashinfer_paged,82,0.05993599817156792,1067805.691944911
64,512,sdpa_contig_dense,83,0.2252800017595291,284090.9068720427
64,512,sdpa_contig_gqa,83,0.0480320006608963,1332445.0183084614
64,512,flashinfer_paged,83,0.058880001306533813,1086956.4976198128
64,512,sdpa_contig_dense,84,0.21772800385951996,293944.73317861935
64,512,sdpa_contig_gqa,84,0.047648001462221146,1343183.3033069377
64,512,flashinfer_paged,84,0.05782400071620941,1106806.8484936103
64,512,sdpa_contig_dense,85,0.2192319929599762,291928.1950407853
64,512,sdpa_contig_gqa,85,0.04822399839758873,1327140.057370276
64,512,flashinfer_paged,85,0.05846399813890457,1094690.7847106599
64,512,sdpa_contig_dense,86,0.21875199675559998,292568.75799631584
64,512,sdpa_contig_gqa,86,0.04816000163555145,1328903.6093544387
64,512,flashinfer_paged,86,0.05894400179386139,1085776.297032231
64,512,sdpa_contig_dense,87,0.2184000015258789,293040.2909929304
64,512,sdpa_contig_gqa,87,0.04800000041723251,1333333.3217435414
64,512,flashinfer_paged,87,0.05846399813890457,1094690.7847106599
64,512,sdpa_contig_dense,88,0.21792000532150269,293685.7490691561
64,512,sdpa_contig_gqa,88,0.05446400120854378,1175088.1055349328
64,512,flashinfer_paged,88,0.05814399942755699,1100715.475889118
64,512,sdpa_contig_dense,89,0.21638399362564087,295770.49081885593
64,512,sdpa_contig_gqa,89,0.04809600114822388,1330671.957586716
64,512,flashinfer_paged,89,0.05817599967122078,1100110.0172183258
64,512,sdpa_contig_dense,90,0.21823999285697937,293255.1415630843
64,512,sdpa_contig_gqa,90,0.04854400083422661,1318391.5396374979
64,512,flashinfer_paged,90,0.057631999254226685,1110494.1842756963
64,512,sdpa_contig_dense,91,0.21532799303531647,297220.99341493053
64,512,sdpa_contig_gqa,91,0.0480320006608963,1332445.0183084614
64,512,flashinfer_paged,91,0.057920001447200775,1104972.3480815464
64,512,sdpa_contig_dense,92,0.22044800221920013,290317.8951758532
64,512,sdpa_contig_gqa,92,0.047648001462221146,1343183.3033069377
64,512,flashinfer_paged,92,0.05788800120353699,1105583.1721494915
64,512,sdpa_contig_dense,93,0.21807999908924103,293470.28735913744
64,512,sdpa_contig_gqa,93,0.048928000032901764,1308044.4726325015
64,512,flashinfer_paged,93,0.05820799991488457,1099505.224257574
64,512,sdpa_contig_dense,94,0.21695999801158905,294985.25344096567
64,512,sdpa_contig_gqa,94,0.047807998955249786,1338688.1149304446
64,512,flashinfer_paged,94,0.0578560009598732,1106194.671912911
64,512,sdpa_contig_dense,95,0.21689599752426147,295072.2960797887
64,512,sdpa_contig_gqa,95,0.04835199937224388,1323626.7544447964
64,512,flashinfer_paged,95,0.058368001133203506,1096491.2067820092
64,512,sdpa_contig_dense,96,0.2202560007572174,290570.9709609482
64,512,sdpa_contig_gqa,96,0.047807998955249786,1338688.1149304446
64,512,flashinfer_paged,96,0.05830400064587593,1097694.828674282
64,512,sdpa_contig_dense,97,0.21836799383163452,293083.2439178111
64,512,sdpa_contig_gqa,97,0.04841599985957146,1321877.0692669628
64,512,flashinfer_paged,97,0.058687999844551086,1090512.5437826982
64,512,sdpa_contig_dense,98,0.21875199675559998,292568.75799631584
64,512,sdpa_contig_gqa,98,0.0480320006608963,1332445.0183084614
64,512,flashinfer_paged,98,0.05920000001788139,1081081.08075454
64,512,sdpa_contig_dense,99,0.21872000396251678,292611.55285534845
64,512,sdpa_contig_gqa,99,0.04825599864125252,1326259.984293195
64,512,flashinfer_paged,99,0.059039998799562454,1084010.8621491757
64,2048,sdpa_contig_dense,0,0.8831999897956848,72463.76895317384
64,2048,sdpa_contig_gqa,0,0.14444799721240997,443066.02538689657
64,2048,flashinfer_paged,0,0.15990400314331055,400240.1362187372
64,2048,sdpa_contig_dense,1,0.8144639730453491,78579.28910065675
64,2048,sdpa_contig_gqa,1,0.13356800377368927,479156.6706981583
64,2048,flashinfer_paged,1,0.14867199957370758,430477.83162605896
64,2048,sdpa_contig_dense,2,0.8135359883308411,78668.9229708337
64,2048,sdpa_contig_gqa,2,0.13286399841308594,481695.5741540935
64,2048,flashinfer_paged,2,0.1520960032939911,420786.8623364969
64,2048,sdpa_contig_dense,3,0.8158400058746338,78446.75370066932
64,2048,sdpa_contig_gqa,3,0.13302400708198547,481116.16394592193
64,2048,flashinfer_paged,3,0.14812800288200378,432058.7515851496
64,2048,sdpa_contig_dense,4,0.8178880214691162,78250.32072855302
64,2048,sdpa_contig_gqa,4,0.13257600367069244,482741.96104877756
64,2048,flashinfer_paged,4,0.14617599546909332,437828.38484949345
64,2048,sdpa_contig_dense,5,0.8131840229034424,78702.9727557736
64,2048,sdpa_contig_gqa,5,0.14022399485111237,456412.6137467
64,2048,flashinfer_paged,5,0.14531199634075165,440431.63408148487
64,2048,sdpa_contig_dense,6,0.8163520097732544,78397.55305775054
64,2048,sdpa_contig_gqa,6,0.13235199451446533,483559.0142391482
64,2048,flashinfer_paged,6,0.14502400159835815,441306.2616852006
64,2048,sdpa_contig_dense,7,0.8214079737663269,77914.99722914382
64,2048,sdpa_contig_gqa,7,0.13283200562000275,481811.59127482487
64,2048,flashinfer_paged,7,0.14531199634075165,440431.63408148487
64,2048,sdpa_contig_dense,8,0.8156800270080566,78462.13941850983
64,2048,sdpa_contig_gqa,8,0.13238400220870972,483442.09974178707
64,2048,flashinfer_paged,8,0.14588800072669983,438692.6935813918
64,2048,sdpa_contig_dense,9,0.8232960104942322,77736.31741708575
64,2048,sdpa_contig_gqa,9,0.13542400300502777,472589.7815738317
64,2048,flashinfer_paged,9,0.16147199273109436,396353.5652067025
64,2048,sdpa_contig_dense,10,0.8124480247497559,78774.26992294405
64,2048,sdpa_contig_gqa,10,0.1313599944114685,487210.73936352436
64,2048,flashinfer_paged,10,0.14723199605941772,434688.1229143414
64,2048,sdpa_contig_dense,11,0.8127999901771545,78740.15843190503
64,2048,sdpa_contig_gqa,11,0.13254399597644806,482858.53711074364
64,2048,flashinfer_paged,11,0.14585599303245544,438788.96347960766
64,2048,sdpa_contig_dense,12,0.8151360154151917,78514.50407009857
64,2048,sdpa_contig_gqa,12,0.13308799266815186,480884.8545757298
64,2048,flashinfer_paged,12,0.1456959992647171,439270.81267151
64,2048,sdpa_contig_dense,13,0.8144959807395935,78576.20112733466
64,2048,sdpa_contig_gqa,13,0.13289600610733032,481579.5588944329
64,2048,flashinfer_paged,13,0.14502400159835815,441306.2616852006
64,2048,sdpa_contig_dense,14,0.8105599880218506,78957.7587664921
64,2048,sdpa_contig_gqa,14,0.13206399977207184,484613.5215536185
64,2048,flashinfer_paged,14,0.14841599762439728,431220.3605029664
64,2048,sdpa_contig_dense,15,0.8128319978713989,78737.05780235004
64,2048,sdpa_contig_gqa,15,0.13251200318336487,482975.11517835356
64,2048,flashinfer_paged,15,0.14441600441932678,443164.1787718305
64,2048,sdpa_contig_dense,16,0.8135679960250854,78665.82794884994
64,2048,sdpa_contig_gqa,16,0.13209599256515503,484496.15130021935
64,2048,flashinfer_paged,16,0.14483200013637543,441891.2943254038
64,2048,sdpa_contig_dense,17,0.8136320114135742,78659.63863541796
64,2048,sdpa_contig_gqa,17,0.1324480026960373,483208.4946337572
64,2048,flashinfer_paged,17,0.1435839980840683,445732.12094656995
64,2048,sdpa_contig_dense,18,0.8129280209541321,78727.7573786709
64,2048,sdpa_contig_gqa,18,0.13251200318336487,482975.11517835356
64,2048,flashinfer_paged,18,0.14486399292945862,441793.7039134683
64,2048,sdpa_contig_dense,19,0.8147519826889038,78551.51182177248
64,2048,sdpa_contig_gqa,19,0.13167999684810638,486026.7431037712
64,2048,flashinfer_paged,19,0.14444799721240997,443066.02538689657
64,2048,sdpa_contig_dense,20,0.8156160116195679,78468.2976893934
64,2048,sdpa_contig_gqa,20,0.13184000551700592,485436.8728901843
64,2048,flashinfer_paged,20,0.14547200500965118,439947.19118468184
64,2048,sdpa_contig_dense,21,0.815392017364502,78489.85351470555
64,2048,sdpa_contig_gqa,21,0.13142399489879608,486973.4788482394
64,2048,flashinfer_paged,21,0.1443839967250824,443262.4214015951
64,2048,sdpa_contig_dense,22,0.8129919767379761,78721.56408823568
64,2048,sdpa_contig_gqa,22,0.13203200697898865,484730.94868719863
64,2048,flashinfer_paged,22,0.14422400295734406,443754.15109597775
64,2048,sdpa_contig_dense,23,0.8140479922294617,78619.44333861812
64,2048,sdpa_contig_gqa,23,0.13203200697898865,484730.94868719863
64,2048,flashinfer_paged,23,0.14342400431632996,446229.3484627879
64,2048,sdpa_contig_dense,24,0.8181759715080261,78222.7811971036
64,2048,sdpa_contig_gqa,24,0.14640000462532043,437158.45613389387
64,2048,flashinfer_paged,24,0.14371199905872345,445335.1175906222
64,2048,sdpa_contig_dense,25,0.813152015209198,78706.07070134954
64,2048,sdpa_contig_gqa,25,0.13555200397968292,472143.51777191414
64,2048,flashinfer_paged,25,0.14457599818706512,442673.7549976392
64,2048,sdpa_contig_dense,26,0.8134400248527527,78678.20373307196
64,2048,sdpa_contig_gqa,26,0.13184000551700592,485436.8728901843
64,2048,flashinfer_paged,26,0.14473600685596466,442184.3699452768
64,2048,sdpa_contig_dense,27,0.8131200075149536,78709.16889082085
64,2048,sdpa_contig_gqa,27,0.13145600259304047,486854.9076311886
64,2048,flashinfer_paged,27,0.14496000111103058,441501.10036892095
64,2048,sdpa_contig_dense,28,0.812608003616333,78758.76156176422
64,2048,sdpa_contig_gqa,28,0.132192000746727,484144.27225911105
64,2048,flashinfer_paged,28,0.14496000111103058,441501.10036892095
64,2048,sdpa_contig_dense,29,0.8128960132598877,78730.85727576181
64,2048,sdpa_contig_gqa,29,0.13158400356769562,486381.3097697253
64,2048,flashinfer_paged,29,0.143327996134758,446528.25495325244
64,2048,sdpa_contig_dense,30,0.8108479976654053,78929.71331774746
64,2048,sdpa_contig_gqa,30,0.1319359987974167,485083.6813557599
64,2048,flashinfer_paged,30,0.14364799857139587,445533.5308287692
64,2048,sdpa_contig_dense,31,0.8136000037193298,78662.7331703876
64,2048,sdpa_contig_gqa,31,0.13606399297714233,470366.9104489054
64,2048,flashinfer_paged,31,0.1446080058813095,442575.7731043573
64,2048,sdpa_contig_dense,32,0.8104000091552734,78973.34560337786
64,2048,sdpa_contig_gqa,32,0.1324159950017929,483325.296155751
64,2048,flashinfer_paged,32,0.14591999351978302,438596.51070587005
64,2048,sdpa_contig_dense,33,0.8108159899711609,78932.82913953923
64,2048,sdpa_contig_gqa,33,0.1313599944114685,487210.73936352436
64,2048,flashinfer_paged,33,0.1449279934167862,441598.6069437103
64,2048,sdpa_contig_dense,34,0.8118399977684021,78833.2678556417
64,2048,sdpa_contig_gqa,34,0.13177600502967834,485672.63809208694
64,2048,flashinfer_paged,34,0.14444799721240997,443066.02538689657
64,2048,sdpa_contig_dense,35,0.811519980430603,78864.35521407714
64,2048,sdpa_contig_gqa,35,0.13142399489879608,486973.4788482394
64,2048,flashinfer_paged,35,0.14284799993038177,448028.67405347613
64,2048,sdpa_contig_dense,36,0.8122879862785339,78789.79017431186
64,2048,sdpa_contig_gqa,36,0.1329279989004135,481463.6534771525
64,2048,flashinfer_paged,36,0.1441279947757721,444049.7496656937
64,2048,sdpa_contig_dense,37,0.8186240196228027,78179.96841760064
64,2048,sdpa_contig_gqa,37,0.13228799402713776,483792.9584665933
64,2048,flashinfer_paged,37,0.144896000623703,441696.11117292964
64,2048,sdpa_contig_dense,38,0.8106880187988281,78945.28908275573
64,2048,sdpa_contig_gqa,38,0.1324159950017929,483325.296155751
64,2048,flashinfer_paged,38,0.14745600521564484,434027.7624258446
64,2048,sdpa_contig_dense,39,0.811680018901825,78848.80557561315
64,2048,sdpa_contig_gqa,39,0.13174399733543396,485790.63406622864
64,2048,flashinfer_paged,39,0.1438719928264618,444839.8798312102
64,2048,sdpa_contig_dense,40,0.8133760094642639,78684.39596854358
64,2048,sdpa_contig_gqa,40,0.13184000551700592,485436.8728901843
64,2048,flashinfer_paged,40,0.1438080072402954,445037.80580909835
64,2048,sdpa_contig_dense,41,0.8129600286483765,78724.657725677
64,2048,sdpa_contig_gqa,41,0.13232000172138214,483675.9308298737
64,2048,flashinfer_paged,41,0.14364799857139587,445533.5308287692
64,2048,sdpa_contig_dense,42,0.8149440288543701,78533.00071413463
64,2048,sdpa_contig_gqa,42,0.13142399489879608,486973.4788482394
64,2048,flashinfer_paged,42,0.14419199526309967,443852.6555043677
64,2048,sdpa_contig_dense,43,0.8120319843292236,78814.62951593833
64,2048,sdpa_contig_gqa,43,0.13171200454235077,485908.6324164279
64,2048,flashinfer_paged,43,0.14502400159835815,441306.2616852006
64,2048,sdpa_contig_dense,44,0.8115839958190918,78858.13462278535
64,2048,sdpa_contig_gqa,44,0.1318719983100891,485319.10352573736
64,2048,flashinfer_paged,44,0.14771200716495514,433275.54224166065
64,2048,sdpa_contig_dense,45,0.8103359937667847,78979.58438511526
64,2048,sdpa_contig_gqa,45,0.13257600367069244,482741.96104877756
64,2048,flashinfer_paged,45,0.1451839953660965,440819.9391304625
64,2048,sdpa_contig_dense,46,0.8106240034103394,78951.52343225529
64,2048,sdpa_contig_gqa,46,0.13174399733543396,485790.63406622864
64,2048,flashinfer_paged,46,0.1438400000333786,444938.8208088749
64,2048,sdpa_contig_dense,47,0.8090879917144775,79101.40881510601
64,2048,sdpa_contig_gqa,47,0.13235199451446533,483559.0142391482
64,2048,flashinfer_paged,47,0.14470399916172028,442282.1785904756
64,2048,sdpa_contig_dense,48,0.8131840229034424,78702.9727557736
64,2048,sdpa_contig_gqa,48,0.1316480040550232,486144.85619736975
64,2048,flashinfer_paged,48,0.14505599439144135,441208.9294792781
64,2048,sdpa_contig_dense,49,0.8129280209541321,78727.7573786709
64,2048,sdpa_contig_gqa,49,0.1311040073633194,488162.0423900641
64,2048,flashinfer_paged,49,0.14441600441932678,443164.1787718305
64,2048,sdpa_contig_dense,50,0.8129600286483765,78724.657725677
64,2048,sdpa_contig_gqa,50,0.1327040046453476,482276.32746306685
64,2048,flashinfer_paged,50,0.1446080058813095,442575.7731043573
64,2048,sdpa_contig_dense,51,0.8147519826889038,78551.51182177248
64,2048,sdpa_contig_gqa,51,0.13104000687599182,488400.4627729122
64,2048,flashinfer_paged,51,0.14284799993038177,448028.67405347613
64,2048,sdpa_contig_dense,52,0.8107200264930725,78942.17227720952
64,2048,sdpa_contig_gqa,52,0.13228799402713776,483792.9584665933
64,2048,flashinfer_paged,52,0.14368000626564026,445434.2790163492
64,2048,sdpa_contig_dense,53,0.8125119805335999,78768.06931261416
64,2048,sdpa_contig_gqa,53,0.13235199451446533,483559.0142391482
64,2048,flashinfer_paged,53,0.14204800128936768,450551.92201983073
64,2048,sdpa_contig_dense,54,0.8129919767379761,78721.56408823568
64,2048,sdpa_contig_gqa,54,0.13225600123405457,483909.98822608177
64,2048,flashinfer_paged,54,0.14473600685596466,442184.3699452768
64,2048,sdpa_contig_dense,55,0.8119360208511353,78823.94469075305
64,2048,sdpa_contig_gqa,55,0.13212800025939941,484378.78325829824
64,2048,flashinfer_paged,55,0.15328000485897064,417536.52121087094
64,2048,sdpa_contig_dense,56,0.8161280155181885,78419.07002710125
64,2048,sdpa_contig_gqa,56,0.1319040060043335,485201.33647720586
64,2048,flashinfer_paged,56,0.14563199877738953,439463.85778738954
64,2048,sdpa_contig_dense,57,0.8127999901771545,78740.15843190503
64,2048,sdpa_contig_gqa,57,0.13180799782276154,485554.75431816344
64,2048,flashinfer_paged,57,0.14390400052070618,444740.93679411727
64,2048,sdpa_contig_dense,58,0.81523197889328,78505.26188494635
64,2048,sdpa_contig_gqa,58,0.13171200454235077,485908.6324164279
64,2048,flashinfer_paged,58,0.14457599818706512,442673.7549976392
64,2048,sdpa_contig_dense,59,0.8104000091552734,78973.34560337786
64,2048,sdpa_contig_gqa,59,0.13142399489879608,486973.4788482394
64,2048,flashinfer_paged,59,0.14294399321079254,447727.802773932
64,2048,sdpa_contig_dense,60,0.8126400113105774,78755.6594669571
64,2048,sdpa_contig_gqa,60,0.13171200454235077,485908.6324164279
64,2048,flashinfer_paged,60,0.14422400295734406,443754.15109597775
64,2048,sdpa_contig_dense,61,0.8139839768409729,78625.6263279045
64,2048,sdpa_contig_gqa,61,0.1313599944114685,487210.73936352436
64,2048,flashinfer_paged,61,0.14467200636863708,442379.984949696
64,2048,sdpa_contig_dense,62,0.814303994178772,78594.72685571706
64,2048,sdpa_contig_gqa,62,0.13126400113105774,487567.0362668632
64,2048,flashinfer_paged,62,0.14441600441932678,443164.1787718305
64,2048,sdpa_contig_dense,63,0.8147519826889038,78551.51182177248
64,2048,sdpa_contig_gqa,63,0.13212800025939941,484378.78325829824
64,2048,flashinfer_paged,63,0.14425599575042725,443655.73622828396
64,2048,sdpa_contig_dense,64,0.8116160035133362,78855.02469512157
64,2048,sdpa_contig_gqa,64,0.13174399733543396,485790.63406622864
64,2048,flashinfer_paged,64,0.14470399916172028,442282.1785904756
64,2048,sdpa_contig_dense,65,0.8127999901771545,78740.15843190503
64,2048,sdpa_contig_gqa,65,0.1319040060043335,485201.33647720586
64,2048,flashinfer_paged,65,0.1443520039319992,443360.66183153837
64,2048,sdpa_contig_dense,66,0.812063992023468,78811.52301868158
64,2048,sdpa_contig_gqa,66,0.13177600502967834,485672.63809208694
64,2048,flashinfer_paged,66,0.14345599710941315,446129.83276807546
64,2048,sdpa_contig_dense,67,0.814079999923706,78616.35220862563
64,2048,sdpa_contig_gqa,67,0.13196800649166107,484966.02852028457
64,2048,flashinfer_paged,67,0.14537599682807922,440237.7379787532
64,2048,sdpa_contig_dense,68,0.8124160170555115,78777.37348404217
64,2048,sdpa_contig_gqa,68,0.1313599944114685,487210.73936352436
64,2048,flashinfer_paged,68,0.14342400431632996,446229.3484627879
64,2048,sdpa_contig_dense,69,0.812608003616333,78758.76156176422
64,2048,sdpa_contig_gqa,69,0.1329919993877411,481231.95601719315
64,2048,flashinfer_paged,69,0.14537599682807922,440237.7379787532
64,2048,sdpa_contig_dense,70,0.8118399977684021,78833.2678556417
64,2048,sdpa_contig_gqa,70,0.13184000551700592,485436.8728901843
64,2048,flashinfer_paged,70,0.14480000734329224,441988.92786150647
64,2048,sdpa_contig_dense,71,0.8114240169525146,78873.68214754894
64,2048,sdpa_contig_gqa,71,0.13312000036239624,480769.22946041945
64,2048,flashinfer_paged,71,0.1441279947757721,444049.7496656937
64,2048,sdpa_contig_dense,72,0.8115839958190918,78858.13462278535
64,2048,sdpa_contig_gqa,72,0.13228799402713776,483792.9584665933
64,2048,flashinfer_paged,72,0.1438400000333786,444938.8208088749
64,2048,sdpa_contig_dense,73,0.8108159899711609,78932.82913953923
64,2048,sdpa_contig_gqa,73,0.13209599256515503,484496.15130021935
64,2048,flashinfer_paged,73,0.14448000490665436,442967.8697848129
64,2048,sdpa_contig_dense,74,0.8129600286483765,78724.657725677
64,2048,sdpa_contig_gqa,74,0.1311360001564026,488042.9471973281
64,2048,flashinfer_paged,74,0.14470399916172028,442282.1785904756
64,2048,sdpa_contig_dense,75,0.8121920228004456,78799.099478135
64,2048,sdpa_contig_gqa,75,0.1327040046453476,482276.32746306685
64,2048,flashinfer_paged,75,0.15030400454998016,425803.69160236354
64,2048,sdpa_contig_dense,76,0.8103359937667847,78979.58438511526
64,2048,sdpa_contig_gqa,76,0.13279999792575836,481927.718370742
64,2048,flashinfer_paged,76,0.14575999975204468,439077.9370806237
64,2048,sdpa_contig_dense,77,0.8118079900741577,78836.37606739209
64,2048,sdpa_contig_gqa,77,0.1316159963607788,486263.08176527865
64,2048,flashinfer_paged,77,0.14531199634075165,440431.63408148487
64,2048,sdpa_contig_dense,78,0.8109760284423828,78917.25249009255
64,2048,sdpa_contig_gqa,78,0.13104000687599182,488400.4627729122
64,2048,flashinfer_paged,78,0.14422400295734406,443754.15109597775
64,2048,sdpa_contig_dense,79,0.8106560111045837,78948.40613442793
64,2048,sdpa_contig_gqa,79,0.1316159963607788,486263.08176527865
64,2048,flashinfer_paged,79,0.14643199741840363,437062.94476835744
64,2048,sdpa_contig_dense,80,0.8135359883308411,78668.9229708337
64,2048,sdpa_contig_gqa,80,0.13177600502967834,485672.63809208694
64,2048,flashinfer_paged,80,0.144896000623703,441696.11117292964
64,2048,sdpa_contig_dense,81,0.8139520287513733,78628.71242937734
64,2048,sdpa_contig_gqa,81,0.13152000308036804,486617.993468959
64,2048,flashinfer_paged,81,0.14268800616264343,448531.0414040643
64,2048,sdpa_contig_dense,82,0.8106880187988281,78945.28908275573
64,2048,sdpa_contig_gqa,82,0.13302400708198547,481116.16394592193
64,2048,flashinfer_paged,82,0.14579200744628906,438981.5403534937
64,2048,sdpa_contig_dense,83,0.821183979511261,77936.25009354236
64,2048,sdpa_contig_gqa,83,0.1313920021057129,487092.0525931867
64,2048,flashinfer_paged,83,0.14483200013637543,441891.2943254038
64,2048,sdpa_contig_dense,84,0.8163840174674988,78394.47935119322
64,2048,sdpa_contig_gqa,84,0.13129599392414093,487448.2311850076
64,2048,flashinfer_paged,84,0.14627200365066528,437541.00855040085
64,2048,sdpa_contig_dense,85,0.8118399977684021,78833.2678556417
64,2048,sdpa_contig_gqa,85,0.13184000551700592,485436.8728901843
64,2048,flashinfer_paged,85,0.14553600549697876,439753.7212970202
64,2048,sdpa_contig_dense,86,0.8122879862785339,78789.79017431186
64,2048,sdpa_contig_gqa,86,0.13203200697898865,484730.94868719863
64,2048,flashinfer_paged,86,0.1446399986743927,442477.8801614485
64,2048,sdpa_contig_dense,87,0.8159679770469666,78434.45061608858
64,2048,sdpa_contig_gqa,87,0.13142399489879608,486973.4788482394
64,2048,flashinfer_paged,87,0.14531199634075165,440431.63408148487
64,2048,sdpa_contig_dense,88,0.8134400248527527,78678.20373307196
64,2048,sdpa_contig_gqa,88,0.13238400220870972,483442.09974178707
64,2048,flashinfer_paged,88,0.14399999380111694,444444.46357680036
64,2048,sdpa_contig_dense,89,0.8139200210571289,78631.80453145267
64,2048,sdpa_contig_gqa,89,0.13199999928474426,484848.4874756868
64,2048,flashinfer_paged,89,0.14451199769973755,442869.8033292514
64,2048,sdpa_contig_dense,90,0.813215970993042,78699.88082236963
64,2048,sdpa_contig_gqa,90,0.13072000443935394,489596.06660426693
64,2048,flashinfer_paged,90,0.14528000354766846,440528.62360373413
64,2048,sdpa_contig_dense,91,0.8287039995193481,77229.02271151131
64,2048,sdpa_contig_gqa,91,0.1316480040550232,486144.85619736975
64,2048,flashinfer_paged,91,0.14659200608730316,436585.88014604745
64,2048,sdpa_contig_dense,92,0.8205119967460632,78000.07830940599
64,2048,sdpa_contig_gqa,92,0.13155199587345123,486499.65038588946
64,2048,flashinfer_paged,92,0.14473600685596466,442184.3699452768
64,2048,sdpa_contig_dense,93,0.8188160061836243,78161.63767766849
64,2048,sdpa_contig_gqa,93,0.1311040073633194,488162.0423900641
64,2048,flashinfer_paged,93,0.14534400403499603,440334.6421128596
64,2048,sdpa_contig_dense,94,0.8136000037193298,78662.7331703876
64,2048,sdpa_contig_gqa,94,0.1313920021057129,487092.0525931867
64,2048,flashinfer_paged,94,0.14480000734329224,441988.92786150647
64,2048,sdpa_contig_dense,95,0.8104000091552734,78973.34560337786
64,2048,sdpa_contig_gqa,95,0.13238400220870972,483442.09974178707
64,2048,flashinfer_paged,95,0.14348800480365753,446030.3151303462
64,2048,sdpa_contig_dense,96,0.8128640055656433,78733.95741697858
64,2048,sdpa_contig_gqa,96,0.1327040046453476,482276.32746306685
64,2048,flashinfer_paged,96,0.14351999759674072,445930.88818065455
64,2048,sdpa_contig_dense,97,0.8116480112075806,78851.91501274052
64,2048,sdpa_contig_gqa,97,0.13184000551700592,485436.8728901843
64,2048,flashinfer_paged,97,0.14796799421310425,432525.9684727961
64,2048,sdpa_contig_dense,98,0.8121280074119568,78805.3107587701
64,2048,sdpa_contig_gqa,98,0.13129599392414093,487448.2311850076
64,2048,flashinfer_paged,98,0.14467200636863708,442379.984949696
64,2048,sdpa_contig_dense,99,0.8107839822769165,78935.94520734048
64,2048,sdpa_contig_gqa,99,0.1319040060043335,485201.33647720586
64,2048,flashinfer_paged,99,0.14371199905872345,445335.1175906222
64,8192,sdpa_contig_dense,0,3.292479991912842,19438.23505600644
64,8192,sdpa_contig_gqa,0,0.4978559911251068,128551.22995580737
64,8192,flashinfer_paged,0,0.5332800149917603,120011.99782629932
64,8192,sdpa_contig_dense,1,3.1885759830474854,20071.655917959943
64,8192,sdpa_contig_gqa,1,0.47513601183891296,134698.2725058065
64,8192,flashinfer_paged,1,0.5032320022583008,127177.9213420331
64,8192,sdpa_contig_dense,2,3.185920000076294,20088.38891072826
64,8192,sdpa_contig_gqa,2,0.4782400131225586,133824.01773980947
64,8192,flashinfer_paged,2,0.5043200254440308,126903.54689693497
64,8192,sdpa_contig_dense,3,3.184864044189453,20095.049305719414
64,8192,sdpa_contig_gqa,3,0.47414401173591614,134980.08709566086
64,8192,flashinfer_paged,3,0.5000960230827332,127975.42281077526
64,8192,sdpa_contig_dense,4,3.1919360160827637,20050.527227842947
64,8192,sdpa_contig_gqa,4,0.4753600060939789,134634.80137062093
64,8192,flashinfer_paged,4,0.502240002155304,127429.11700651386
64,8192,sdpa_contig_dense,5,3.1937921047210693,20038.87476125797
64,8192,sdpa_contig_gqa,5,0.4760960042476654,134426.66905204096
64,8192,flashinfer_paged,5,0.49958398938179016,128106.58740124309
64,8192,sdpa_contig_dense,6,3.1791040897369385,20131.457855252487
64,8192,sdpa_contig_gqa,6,0.4742720127105713,134943.65740501025
64,8192,flashinfer_paged,6,0.4963519871234894,128940.75506960182
64,8192,sdpa_contig_dense,7,3.187903881072998,20075.887601246814
64,8192,sdpa_contig_gqa,7,0.47567999362945557,134544.23321796168
64,8192,flashinfer_paged,7,0.4982079863548279,128460.40559939692
64,8192,sdpa_contig_dense,8,3.185120105743408,20093.433803201082
64,8192,sdpa_contig_gqa,8,0.47462400794029236,134843.57918963762
64,8192,flashinfer_paged,8,0.495743989944458,129098.89236815642
64,8192,sdpa_contig_dense,9,3.1798720359802246,20126.59606293604
64,8192,sdpa_contig_gqa,9,0.47206398844718933,135574.84062811497
64,8192,flashinfer_paged,9,0.4986239969730377,128353.22886287139
64,8192,sdpa_contig_dense,10,3.1888320446014404,20070.044174433497
64,8192,sdpa_contig_gqa,10,0.4726080000400543,135418.7825736676
64,8192,flashinfer_paged,10,0.5004479885101318,127885.41760459945
64,8192,sdpa_contig_dense,11,3.198080062866211,20012.006810936862
64,8192,sdpa_contig_gqa,11,0.47628799080848694,134372.48310914077
64,8192,flashinfer_paged,11,0.496832013130188,128816.17590779054
64,8192,sdpa_contig_dense,12,3.185823917388916,20088.994765427604
64,8192,sdpa_contig_gqa,12,0.47353601455688477,135153.39495326142
64,8192,flashinfer_paged,12,0.5005120038986206,127869.06108442364
64,8192,sdpa_contig_dense,13,3.1794559955596924,20129.229682492845
64,8192,sdpa_contig_gqa,13,0.47440001368522644,134907.2473730265
64,8192,flashinfer_paged,13,0.5030400156974792,127226.4591341947
64,8192,sdpa_contig_dense,14,3.185663938522339,20090.003602101926
64,8192,sdpa_contig_gqa,14,0.47417598962783813,134970.98419139918
64,8192,flashinfer_paged,14,0.5090879797935486,125715.00907555122
64,8192,sdpa_contig_dense,15,3.1885440349578857,20071.857028891656
64,8192,sdpa_contig_gqa,15,0.4756160080432892,134562.33372652778
64,8192,flashinfer_paged,15,0.4968000054359436,128824.47524097709
64,8192,sdpa_contig_dense,16,3.1828479766845703,20107.777835706096
64,8192,sdpa_contig_gqa,16,0.47411200404167175,134989.19971318584
64,8192,flashinfer_paged,16,0.5011839866638184,127697.61545260542
64,8192,sdpa_contig_dense,17,3.1826560497283936,20108.99041555613
64,8192,sdpa_contig_gqa,17,0.4771200120449066,134138.15892085514
64,8192,flashinfer_paged,17,0.4999360144138336,128016.38240653437
64,8192,sdpa_contig_dense,18,3.180799961090088,20120.72459220813
64,8192,sdpa_contig_gqa,18,0.4784640073776245,133761.36765390678
64,8192,flashinfer_paged,18,0.5008000135421753,127795.52370081992
64,8192,sdpa_contig_dense,19,3.1799681186676025,20125.987938148202
64,8192,sdpa_contig_gqa,19,0.47494399547576904,134752.73002638726
64,8192,flashinfer_paged,19,0.49958398938179016,128106.58740124309
64,8192,sdpa_contig_dense,20,3.1888959407806396,20069.642029251303
64,8192,sdpa_contig_gqa,20,0.47353601455688477,135153.39495326142
64,8192,flashinfer_paged,20,0.49827200174331665,128443.9016763567
64,8192,sdpa_contig_dense,21,3.191904067993164,20050.72791559131
64,8192,sdpa_contig_gqa,21,0.4743039906024933,134934.5594134741
64,8192,flashinfer_paged,21,0.49798399209976196,128518.1873620925
64,8192,sdpa_contig_dense,22,3.1915841102600098,20052.73801002415
64,8192,sdpa_contig_gqa,22,0.47468799352645874,134825.40294424508
64,8192,flashinfer_paged,22,0.4997119903564453,128073.77296339978
64,8192,sdpa_contig_dense,23,3.19702410697937,20018.616644235703
64,8192,sdpa_contig_gqa,23,0.47222399711608887,135528.90236593928
64,8192,flashinfer_paged,23,0.5011839866638184,127697.61545260542
64,8192,sdpa_contig_dense,24,3.175136089324951,20156.616346358463
64,8192,sdpa_contig_gqa,24,0.4742400050163269,134952.76510423585
64,8192,flashinfer_paged,24,0.49884799122810364,128295.59530236799
64,8192,sdpa_contig_dense,25,3.1846721172332764,20096.260350846038
64,8192,sdpa_contig_gqa,25,0.4731200039386749,135272.23424756224
64,8192,flashinfer_paged,25,0.4970879852771759,128749.84287603259
64,8192,sdpa_contig_dense,26,3.1798079013824463,20127.00200291203
64,8192,sdpa_contig_gqa,26,0.4727039933204651,135391.28271466034
64,8192,flashinfer_paged,26,0.49990400671958923,128024.57899862257
64,8192,sdpa_contig_dense,27,3.1772799491882324,20143.01573153837
64,8192,sdpa_contig_gqa,27,0.4720959961414337,135565.64877289586
64,8192,flashinfer_paged,27,0.49807998538017273,128493.41848408204
64,8192,sdpa_contig_dense,28,3.181727886199951,20114.856546213774
64,8192,sdpa_contig_gqa,28,0.47488000988960266,134770.88668120257
64,8192,flashinfer_paged,28,0.5021439790725708,127453.4847917605
64,8192,sdpa_contig_dense,29,3.1737279891967773,20165.559310014287
64,8192,sdpa_contig_gqa,29,0.4727039933204651,135391.28271466034
64,8192,flashinfer_paged,29,0.498879998922348,128287.36397179509
64,8192,sdpa_contig_dense,30,3.1872639656066895,20079.918290613787
64,8192,sdpa_contig_gqa,30,0.47225600481033325,135519.71673860154
64,8192,flashinfer_paged,30,0.49750399589538574,128642.18283275419
64,8192,sdpa_contig_dense,31,3.182368040084839,20110.8103129058
64,8192,sdpa_contig_gqa,31,0.4724479913711548,135464.64620212905
64,8192,flashinfer_paged,31,0.4973120093345642,128691.84495591844
64,8192,sdpa_contig_dense,32,3.1816000938415527,20115.664480863343
64,8192,sdpa_contig_gqa,32,0.47443199157714844,134898.15429023997
64,8192,flashinfer_paged,32,0.5003520250320435,127909.9449950289
64,8192,sdpa_contig_dense,33,3.180799961090088,20120.72459220813
64,8192,sdpa_contig_gqa,33,0.4719359874725342,135611.61195346367
64,8192,flashinfer_paged,33,0.49772799015045166,128584.2895446854
64,8192,sdpa_contig_dense,34,3.180864095687866,20120.31890540734
64,8192,sdpa_contig_gqa,34,0.4742079973220825,134961.87403294918
64,8192,flashinfer_paged,34,0.4989440143108368,128270.90447893155
64,8192,sdpa_contig_dense,35,3.17792010307312,20138.95816263932
64,8192,sdpa_contig_gqa,35,0.47391998767852783,135043.8927750244
64,8192,flashinfer_paged,35,0.5008640289306641,127779.19016591964
64,8192,sdpa_contig_dense,36,3.1758720874786377,20151.945115273946
64,8192,sdpa_contig_gqa,36,0.47443199157714844,134898.15429023997
64,8192,flashinfer_paged,36,0.4962559938430786,128965.69672514117
64,8192,sdpa_contig_dense,37,3.207616090774536,19952.51245436484
64,8192,sdpa_contig_gqa,37,0.4742720127105713,134943.65740501025
64,8192,flashinfer_paged,37,0.49907198548316956,128238.01347623089
64,8192,sdpa_contig_dense,38,3.184799909591675,20095.453974125954
64,8192,sdpa_contig_gqa,38,0.4739519953727722,135034.7727720036
64,8192,flashinfer_paged,38,0.5000320076942444,127991.80655478002
64,8192,sdpa_contig_dense,39,3.1836159229278564,20102.927472840856
64,8192,sdpa_contig_gqa,39,0.4724160134792328,135473.81581893266
64,8192,flashinfer_paged,39,0.5007680058479309,127803.69203426105
64,8192,sdpa_contig_dense,40,3.1858561038970947,20088.79180754965
64,8192,sdpa_contig_gqa,40,0.47699201107025146,134174.1549431822
64,8192,flashinfer_paged,40,0.4982079863548279,128460.40559939692
64,8192,sdpa_contig_dense,41,3.185920000076294,20088.38891072826
64,8192,sdpa_contig_gqa,41,0.47391998767852783,135043.8927750244
64,8192,flashinfer_paged,41,0.49910399317741394,128229.7895325599
64,8192,sdpa_contig_dense,42,3.1943678855895996,20035.26277881648
64,8192,sdpa_contig_gqa,42,0.47385600209236145,135062.12798276526
64,8192,flashinfer_paged,42,0.4949760138988495,129299.19471426889
64,8192,sdpa_contig_dense,43,3.1907520294189453,20057.967341214786
64,8192,sdpa_contig_gqa,43,0.4745280146598816,134870.85698380118
64,8192,flashinfer_paged,43,0.5032640099525452,127169.83280015358
64,8192,sdpa_contig_dense,44,3.1800320148468018,20125.583547964125
64,8192,sdpa_contig_gqa,44,0.47465598583221436,134834.4946873235
64,8192,flashinfer_paged,44,0.4955199956893921,129157.25007415697
64,8192,sdpa_contig_dense,45,3.180704116821289,20121.33089070853
64,8192,sdpa_contig_gqa,45,0.4737919867038727,135080.3766126188
64,8192,flashinfer_paged,45,0.5028160214424133,127283.13591998343
64,8192,sdpa_contig_dense,46,3.1829121112823486,20107.3726708135
64,8192,sdpa_contig_gqa,46,0.47334399819374084,135208.22117576454
64,8192,flashinfer_paged,46,0.4991999864578247,128205.1316830456
64,8192,sdpa_contig_dense,47,3.184959888458252,20094.444590000967
64,8192,sdpa_contig_gqa,47,0.4727360010147095,135382.11573188097
64,8192,flashinfer_paged,47,0.499424010515213,128147.62336711981
64,8192,sdpa_contig_dense,48,3.187839984893799,20076.289996761592
64,8192,sdpa_contig_gqa,48,0.474047988653183,135007.42863993644
64,8192,flashinfer_paged,48,0.4965119957923889,128899.20191729044
64,8192,sdpa_contig_dense,49,3.193056106567383,20043.493713864504
64,8192,sdpa_contig_gqa,49,0.4732159972190857,135244.7938702499
64,8192,flashinfer_paged,49,0.5029439926147461,127250.74946669827
64,8192,sdpa_contig_dense,50,3.1806399822235107,20121.73661832016
64,8192,sdpa_contig_gqa,50,0.4731200039386749,135272.23424756224
64,8192,flashinfer_paged,50,0.4960640072822571,129015.60899495865
64,8192,sdpa_contig_dense,51,3.185312032699585,20092.223098708273
64,8192,sdpa_contig_gqa,51,0.47251200675964355,135446.29360615462
64,8192,flashinfer_paged,51,0.5018240213394165,127534.74779700233
64,8192,sdpa_contig_dense,52,3.1869759559631348,20081.732929377744
64,8192,sdpa_contig_gqa,52,0.4752959907054901,134652.93470076128
64,8192,flashinfer_paged,52,0.4954560101032257,129173.93006629575
64,8192,sdpa_contig_dense,53,3.1722559928894043,20174.916571504844
64,8192,sdpa_contig_gqa,53,0.47180798649787903,135648.40323085058
64,8192,flashinfer_paged,53,0.4978240132331848,128559.4874870407
64,8192,sdpa_contig_dense,54,3.178879976272583,20132.877138395022
64,8192,sdpa_contig_gqa,54,0.473471999168396,135171.66825579823
64,8192,flashinfer_paged,54,0.5040640234947205,126967.99814492282
64,8192,sdpa_contig_dense,55,3.1892800331115723,20067.224996093988
64,8192,sdpa_contig_gqa,55,0.47385600209236145,135062.12798276526
64,8192,flashinfer_paged,55,0.49964800477027893,128090.17426062777
64,8192,sdpa_contig_dense,56,3.178112030029297,20137.741966072237
64,8192,sdpa_contig_gqa,56,0.4732480049133301,135235.6467128073
64,8192,flashinfer_paged,56,0.5007039904594421,127820.03183412636
64,8192,sdpa_contig_dense,57,3.179744005203247,20127.406450101684
64,8192,sdpa_contig_gqa,57,0.47222399711608887,135528.90236593928
64,8192,flashinfer_paged,57,0.4963200092315674,128949.06272082133
64,8192,sdpa_contig_dense,58,3.182624101638794,20109.19227534448
64,8192,sdpa_contig_gqa,58,0.4721280038356781,135556.4581639917
64,8192,flashinfer_paged,58,0.49958398938179016,128106.58740124309
64,8192,sdpa_contig_dense,59,3.1796159744262695,20128.216902529613
64,8192,sdpa_contig_gqa,59,0.4731520116329193,135263.0833780592
64,8192,flashinfer_paged,59,0.4990079998970032,128254.4568688474
64,8192,sdpa_contig_dense,60,3.187488079071045,20078.50646414089
64,8192,sdpa_contig_gqa,60,0.4744639992713928,134889.0539604293
64,8192,flashinfer_paged,60,0.4986880123615265,128336.75246559338
64,8192,sdpa_contig_dense,61,3.181567907333374,20115.867982098644
64,8192,sdpa_contig_gqa,61,0.4731200039386749,135272.23424756224
64,8192,flashinfer_paged,61,0.4963200092315674,128949.06272082133
64,8192,sdpa_contig_dense,62,3.198240041732788,20011.005792212258
64,8192,sdpa_contig_gqa,62,0.4731839895248413,135253.9422651791
64,8192,flashinfer_paged,62,0.499455988407135,128139.41865850642
64,8192,sdpa_contig_dense,63,3.183840036392212,20101.51240905997
64,8192,sdpa_contig_gqa,63,0.47222399711608887,135528.90236593928
64,8192,flashinfer_paged,63,0.4991360008716583,128221.5666436294
64,8192,sdpa_contig_dense,64,3.1898880004882812,20063.400342019348
64,8192,sdpa_contig_gqa,64,0.473471999168396,135171.66825579823
64,8192,flashinfer_paged,64,0.49561598896980286,129132.23427886509
64,8192,sdpa_contig_dense,65,3.183072090148926,20106.362089023765
64,8192,sdpa_contig_gqa,65,0.4716159999370575,135703.62330485295
64,8192,flashinfer_paged,65,0.4990079998970032,128254.4568688474
64,8192,sdpa_contig_dense,66,3.1828160285949707,20107.979671150613
64,8192,sdpa_contig_gqa,66,0.4750080108642578,134734.56980979035
64,8192,flashinfer_paged,66,0.49856001138687134,128369.70181777664
64,8192,sdpa_contig_dense,67,3.181920051574707,20113.641751723746
64,8192,sdpa_contig_gqa,67,0.47231999039649963,135501.35776864697
64,8192,flashinfer_paged,67,0.4997119903564453,128073.77296339978
64,8192,sdpa_contig_dense,68,3.180000066757202,20125.785741024796
64,8192,sdpa_contig_gqa,68,0.47283199429512024,135354.6307614161
64,8192,flashinfer_paged,68,0.49964800477027893,128090.17426062777
64,8192,sdpa_contig_dense,69,3.180959939956665,20119.712667891028
64,8192,sdpa_contig_gqa,69,0.47363200783729553,135126.00276370175
64,8192,flashinfer_paged,69,0.5001599788665771,127959.05850970268
64,8192,sdpa_contig_dense,70,3.1855039596557617,20091.012540105614
64,8192,sdpa_contig_gqa,70,0.472927987575531,135327.1569485589
64,8192,flashinfer_paged,70,0.49744001030921936,128658.73004508871
64,8192,sdpa_contig_dense,71,3.18121600151062,20118.093197572627
64,8192,sdpa_contig_gqa,71,0.4752640128135681,134661.99475344096
64,8192,flashinfer_paged,71,0.4960959851741791,129007.29276720437
64,8192,sdpa_contig_dense,72,3.1935360431671143,20040.481502294086
64,8192,sdpa_contig_gqa,72,0.4748480021953583,134779.97107307953
64,8192,flashinfer_paged,72,0.5007039904594421,127820.03183412636
64,8192,sdpa_contig_dense,73,3.1894400119781494,20066.218445759707
64,8192,sdpa_contig_gqa,73,0.4731839895248413,135253.9422651791
64,8192,flashinfer_paged,73,0.4992319941520691,128196.91195613799
64,8192,sdpa_contig_dense,74,3.178272008895874,20136.728329377158
64,8192,sdpa_contig_gqa,74,0.4734399914741516,135180.80676016194
64,8192,flashinfer_paged,74,0.49939200282096863,128155.83677447056
64,8192,sdpa_contig_dense,75,3.181407928466797,20116.879519704744
64,8192,sdpa_contig_gqa,75,0.474047988653183,135007.42863993644
64,8192,flashinfer_paged,75,0.5036159753799438,127080.95677806165
64,8192,sdpa_contig_dense,76,3.187743902206421,20076.89512187661
64,8192,sdpa_contig_gqa,76,0.47276800870895386,135372.9499903615
64,8192,flashinfer_paged,76,0.49619200825691223,128982.32727453132
64,8192,sdpa_contig_dense,77,3.187743902206421,20076.89512187661
64,8192,sdpa_contig_gqa,77,0.47491198778152466,134761.81197060482
64,8192,flashinfer_paged,77,0.499455988407135,128139.41865850642
64,8192,sdpa_contig_dense,78,3.188960075378418,20069.238399733003
64,8192,sdpa_contig_gqa,78,0.4758720099925995,134489.94405238354
64,8192,flashinfer_paged,78,0.49647998809814453,128907.51195262362
64,8192,sdpa_contig_dense,79,3.187743902206421,20076.89512187661
64,8192,sdpa_contig_gqa,79,0.4763840138912201,134345.3981111425
64,8192,flashinfer_paged,79,0.5003839731216431,127901.77830983735
64,8192,sdpa_contig_dense,80,3.1816000938415527,20115.664480863343
64,8192,sdpa_contig_gqa,80,0.4761280119419098,134417.63222242077
64,8192,flashinfer_paged,80,0.49503999948501587,129282.4823581497
64,8192,sdpa_contig_dense,81,3.1886720657348633,20071.051108622083
64,8192,sdpa_contig_gqa,81,0.47519999742507935,134680.135409913
64,8192,flashinfer_paged,81,0.5020480155944824,127477.84676375358
64,8192,sdpa_contig_dense,82,3.1937921047210693,20038.87476125797
64,8192,sdpa_contig_gqa,82,0.47411200404167175,134989.19971318584
64,8192,flashinfer_paged,82,0.4975360035896301,128633.90697005212
64,8192,sdpa_contig_dense,83,3.199647903442383,20002.200845644536
64,8192,sdpa_contig_gqa,83,0.47648000717163086,134318.33243099082
64,8192,flashinfer_paged,83,0.49878400564193726,128312.05346617263
64,8192,sdpa_contig_dense,84,3.1912319660186768,20054.95077809879
64,8192,sdpa_contig_gqa,84,0.4729920029640198,135308.84158493573
64,8192,flashinfer_paged,84,0.5006719827651978,127828.20330095114
64,8192,sdpa_contig_dense,85,3.1897919178009033,20064.004690350674
64,8192,sdpa_contig_gqa,85,0.47334399819374084,135208.22117576454
64,8192,flashinfer_paged,85,0.4991360008716583,128221.5666436294
64,8192,sdpa_contig_dense,86,3.1924479007720947,20047.312278619043
64,8192,sdpa_contig_gqa,86,0.4753600060939789,134634.80137062093
64,8192,flashinfer_paged,86,0.4997439980506897,128065.5700711555
64,8192,sdpa_contig_dense,87,3.1924800872802734,20047.11016209428
64,8192,sdpa_contig_gqa,87,0.4747839868068695,134798.14353139428
64,8192,flashinfer_paged,87,0.5000320076942444,127991.80655478002
64,8192,sdpa_contig_dense,88,3.1836800575256348,20102.522503389046
64,8192,sdpa_contig_gqa,88,0.47619199752807617,134399.57061904756
64,8192,flashinfer_paged,88,0.49644801020622253,128915.81532055019
64,8192,sdpa_contig_dense,89,3.203968048095703,19975.230414060705
64,8192,sdpa_contig_gqa,89,0.47305598855018616,135290.53970153956
64,8192,flashinfer_paged,89,0.4968000054359436,128824.47524097709
64,8192,sdpa_contig_dense,90,3.195103883743286,20030.647618574316
64,8192,sdpa_contig_gqa,90,0.47596800327301025,134462.82010534703
64,8192,flashinfer_paged,90,0.5001599788665771,127959.05850970268
64,8192,sdpa_contig_dense,91,3.2028799057006836,19982.016773744417
64,8192,sdpa_contig_gqa,91,0.47251200675964355,135446.29360615462
64,8192,flashinfer_paged,91,0.4989120066165924,128279.13369738402
64,8192,sdpa_contig_dense,92,3.2052481174468994,19967.25297228422
64,8192,sdpa_contig_gqa,92,0.47574400901794434,134526.12915107884
64,8192,flashinfer_paged,92,0.49990400671958923,128024.57899862257
64,8192,sdpa_contig_dense,93,3.1888320446014404,20070.044174433497
64,8192,sdpa_contig_gqa,93,0.47331199049949646,135217.36462340495
64,8192,flashinfer_paged,93,0.49775999784469604,128576.02112889828
64,8192,sdpa_contig_dense,94,3.187808036804199,20076.49120056817
64,8192,sdpa_contig_gqa,94,0.4726080000400543,135418.7825736676
64,8192,flashinfer_paged,94,0.4987199902534485,128328.52352173677
64,8192,sdpa_contig_dense,95,3.1863999366760254,20085.363191025932
64,8192,sdpa_contig_gqa,95,0.4719040095806122,135620.80147799064
64,8192,flashinfer_paged,95,0.49852800369262695,128377.94371820267
64,8192,sdpa_contig_dense,96,3.193056106567383,20043.493713864504
64,8192,sdpa_contig_gqa,96,0.49452799558639526,129416.33349616714
64,8192,flashinfer_paged,96,0.5083519816398621,125897.020787735
64,8192,sdpa_contig_dense,97,3.1779520511627197,20138.75570482074
64,8192,sdpa_contig_gqa,97,0.4935680031776428,129668.04895771455
64,8192,flashinfer_paged,97,0.49487999081611633,129324.28303366306
64,8192,sdpa_contig_dense,98,3.186624050140381,20083.950598810236
64,8192,sdpa_contig_gqa,98,0.484607994556427,132065.50597371117
64,8192,flashinfer_paged,98,0.4992319941520691,128196.91195613799
64,8192,sdpa_contig_dense,99,3.19052791595459,20059.37628063396
64,8192,sdpa_contig_gqa,99,0.4774399995803833,134048.2574904677
64,8192,flashinfer_paged,99,0.49747198820114136,128650.45976040579
