batch,seqlen,method,rep,ms,tokens_per_s
1,512,sdpa_contig,0,0.04121600091457367,24262.421821870823
1,512,paged_minimal,0,0.06735999882221222,14845.605960287608
1,512,sdpa_contig,1,0.03142400085926056,31822.809720465717
1,512,paged_minimal,1,0.07731200009584427,12934.602632971499
1,512,sdpa_contig,2,0.027648000046610832,36168.98142050541
1,512,paged_minimal,2,0.0729919970035553,13700.132083676132
1,512,sdpa_contig,3,0.02611199952661991,38296.569321723095
1,512,paged_minimal,3,0.07014399766921997,14256.387335032261
1,512,sdpa_contig,4,0.02598400041460991,38485.221060793025
1,512,paged_minimal,4,0.07091200351715088,14101.984860125107
1,512,sdpa_contig,5,0.02521600015461445,39657.360162928264
1,512,paged_minimal,5,0.06867200136184692,14561.975480091136
1,512,sdpa_contig,6,0.024383999407291412,41010.49968451753
1,512,paged_minimal,6,0.07011199742555618,14262.894179584375
1,512,sdpa_contig,7,0.024447999894618988,40903.141537566036
1,512,paged_minimal,7,0.06867200136184692,14561.975480091136
1,512,sdpa_contig,8,0.02457600086927414,40690.102727422935
1,512,paged_minimal,8,0.06857600063085556,14582.361041773163
1,512,sdpa_contig,9,0.024831999093294144,40270.62002712657
1,512,paged_minimal,9,0.0681919977068901,14664.477264594936
1,512,sdpa_contig,10,0.02393599972128868,41778.075352775006
1,512,paged_minimal,10,0.0681919977068901,14664.477264594936
1,512,sdpa_contig,11,0.023744000121951103,42115.902748648885
1,512,paged_minimal,11,0.06982400268316269,14321.722639386002
1,512,sdpa_contig,12,0.024064000695943832,41555.84986201224
1,512,paged_minimal,12,0.06918399780988693,14454.209523247473
1,512,sdpa_contig,13,0.023679999634623528,42229.7303813239
1,512,paged_minimal,13,0.06815999746322632,14671.362048385052
1,512,sdpa_contig,14,0.030880000442266464,32383.419225320584
1,512,paged_minimal,14,0.0681919977068901,14664.477264594936
1,512,sdpa_contig,15,0.024831999093294144,40270.62002712657
1,512,paged_minimal,15,0.06835199892520905,14630.150042783722
1,512,sdpa_contig,16,0.02489599958062172,40167.09579230429
1,512,paged_minimal,16,0.06815999746322632,14671.362048385052
1,512,sdpa_contig,17,0.02409599907696247,41500.66560037649
1,512,paged_minimal,17,0.06896000355482101,14501.159345286746
1,512,sdpa_contig,18,0.024831999093294144,40270.62002712657
1,512,paged_minimal,18,0.06831999868154526,14637.002624388548
1,512,sdpa_contig,19,0.02425600029528141,41226.91242688239
1,512,paged_minimal,19,0.06803199648857117,14698.965951528293
1,512,sdpa_contig,20,0.02380800060927868,42002.68709713787
1,512,paged_minimal,20,0.0676800012588501,14775.413436760777
1,512,sdpa_contig,21,0.024032000452280045,41611.18430343258
1,512,paged_minimal,21,0.06790400296449661,14726.672307122259
1,512,sdpa_contig,22,0.02364799939095974,42286.87524333599
1,512,paged_minimal,22,0.06726399809122086,14866.793951852793
1,512,sdpa_contig,23,0.023871999233961105,41890.08177318331
1,512,paged_minimal,23,0.06752000004053116,14810.426531393901
1,512,sdpa_contig,24,0.023264000192284584,42984.86897071322
1,512,paged_minimal,24,0.06800000369548798,14705.881553743993
1,512,sdpa_contig,25,0.023391999304294586,42749.6592741608
1,512,paged_minimal,25,0.06752000004053116,14810.426531393901
1,512,sdpa_contig,26,0.02412799932062626,41445.62450916234
1,512,paged_minimal,26,0.07030399888753891,14223.941963808345
1,512,sdpa_contig,27,0.02364799939095974,42286.87524333599
1,512,paged_minimal,27,0.06780800223350525,14747.521930470333
1,512,sdpa_contig,28,0.023903999477624893,41834.003591576395
1,512,paged_minimal,28,0.06851200014352798,14595.983154849777
1,512,sdpa_contig,29,0.023679999634623528,42229.7303813239
1,512,paged_minimal,29,0.0674239993095398,14831.514152832378
1,512,sdpa_contig,30,0.02319999970495701,43103.44882402459
1,512,paged_minimal,30,0.06748799979686737,14817.449072574493
1,512,sdpa_contig,31,0.023296000435948372,42925.82337253422
1,512,paged_minimal,31,0.06864000111818314,14568.76433143143
1,512,sdpa_contig,32,0.02396799996495247,41722.29645620258
1,512,paged_minimal,32,0.06771200150251389,14768.43067418224
1,512,sdpa_contig,33,0.023744000121951103,42115.902748648885
1,512,paged_minimal,33,0.06790400296449661,14726.672307122259
1,512,sdpa_contig,34,0.023584000766277313,42401.626844835286
1,512,paged_minimal,34,0.06835199892520905,14630.150042783722
1,512,sdpa_contig,35,0.03033600002527237,32964.13499363523
1,512,paged_minimal,35,0.06697600334882736,14930.720705918447
1,512,sdpa_contig,36,0.02537599951028824,39407.314757969165
1,512,paged_minimal,36,0.0674239993095398,14831.514152832378
1,512,sdpa_contig,37,0.023584000766277313,42401.626844835286
1,512,paged_minimal,37,0.06716799736022949,14888.042509841227
1,512,sdpa_contig,38,0.024000000208616257,41666.66630448567
1,512,paged_minimal,38,0.06719999760389328,14880.952911552846
1,512,sdpa_contig,39,0.023840000852942467,41946.30722408613
1,512,paged_minimal,39,0.06835199892520905,14630.150042783722
1,512,sdpa_contig,40,0.02380800060927868,42002.68709713787
1,512,paged_minimal,40,0.06732799857854843,14852.66191053261
1,512,sdpa_contig,41,0.024447999894618988,40903.141537566036
1,512,paged_minimal,41,0.06761600077152252,14789.398790074032
1,512,sdpa_contig,42,0.02348800003528595,42574.931816148805
1,512,paged_minimal,42,0.06896000355482101,14501.159345286746
1,512,sdpa_contig,43,0.023679999634623528,42229.7303813239
1,512,paged_minimal,43,0.06723199784755707,14873.870062100734
1,512,sdpa_contig,44,0.02412799932062626,41445.62450916234
1,512,paged_minimal,44,0.0663359984755516,15074.771209911823
1,512,sdpa_contig,45,0.02364799939095974,42286.87524333599
1,512,paged_minimal,45,0.06771200150251389,14768.43067418224
1,512,sdpa_contig,46,0.02304000034928322,43402.77711979767
1,512,paged_minimal,46,0.06761600077152252,14789.398790074032
1,512,sdpa_contig,47,0.02332800067961216,42866.93976625113
1,512,paged_minimal,47,0.08089599758386612,12361.55100211583
1,512,sdpa_contig,48,0.023360000923275948,42808.217486138805
1,512,paged_minimal,48,0.07065600156784058,14153.079396091314
1,512,sdpa_contig,49,0.023455999791622162,42633.01538556342
1,512,paged_minimal,49,0.07468800246715546,13389.031262949584
1,512,sdpa_contig,50,0.023711999878287315,42172.73975763147
1,512,paged_minimal,50,0.06896000355482101,14501.159345286746
1,512,sdpa_contig,51,0.023520000278949738,42517.00629846481
1,512,paged_minimal,51,0.06880000233650208,14534.883227314174
1,512,sdpa_contig,52,0.023423999547958374,42691.25765446659
1,512,paged_minimal,52,0.06723199784755707,14873.870062100734
1,512,sdpa_contig,53,0.02319999970495701,43103.44882402459
1,512,paged_minimal,53,0.0684799998998642,14602.803759670904
1,512,sdpa_contig,54,0.02287999913096428,43706.29536636066
1,512,paged_minimal,54,0.06815999746322632,14671.362048385052
1,512,sdpa_contig,55,0.027168000116944313,36808.0092644108
1,512,paged_minimal,55,0.06758400052785873,14796.401399585557
1,512,sdpa_contig,56,0.024288000538945198,41172.59460681109
1,512,paged_minimal,56,0.06735999882221222,14845.605960287608
1,512,sdpa_contig,57,0.025119999423623085,39808.9181108655
1,512,paged_minimal,57,0.06700800359249115,14923.59041289299
1,512,sdpa_contig,58,0.02611199952661991,38296.569321723095
1,512,paged_minimal,58,0.06838399916887283,14623.30387450025
1,512,sdpa_contig,59,0.023615999147295952,42344.17497065758
1,512,paged_minimal,59,0.06796800345182419,14712.80527916053
1,512,sdpa_contig,60,0.023871999233961105,41890.08177318331
1,512,paged_minimal,60,0.06943999975919724,14400.921708925429
1,512,sdpa_contig,61,0.024288000538945198,41172.59460681109
1,512,paged_minimal,61,0.06697600334882736,14930.720705918447
1,512,sdpa_contig,62,0.023615999147295952,42344.17497065758
1,512,paged_minimal,62,0.06716799736022949,14888.042509841227
1,512,sdpa_contig,63,0.023520000278949738,42517.00629846481
1,512,paged_minimal,63,0.06684800237417221,14959.310143669542
1,512,sdpa_contig,64,0.023584000766277313,42401.626844835286
1,512,paged_minimal,64,0.0671359971165657,14895.138866616335
1,512,sdpa_contig,65,0.02348800003528595,42574.931816148805
1,512,paged_minimal,65,0.06831999868154526,14637.002624388548
1,512,sdpa_contig,66,0.023584000766277313,42401.626844835286
1,512,paged_minimal,66,0.07388799637556076,13533.998065357753
1,512,sdpa_contig,67,0.023391999304294586,42749.6592741608
1,512,paged_minimal,67,0.06838399916887283,14623.30387450025
1,512,sdpa_contig,68,0.023360000923275948,42808.217486138805
1,512,paged_minimal,68,0.06831999868154526,14637.002624388548
1,512,sdpa_contig,69,0.024000000208616257,41666.66630448567
1,512,paged_minimal,69,0.06851200014352798,14595.983154849777
1,512,sdpa_contig,70,0.025087999179959297,39859.69518042779
1,512,paged_minimal,70,0.06752000004053116,14810.426531393901
1,512,sdpa_contig,71,0.02364799939095974,42286.87524333599
1,512,paged_minimal,71,0.06831999868154526,14637.002624388548
1,512,sdpa_contig,72,0.023840000852942467,41946.30722408613
1,512,paged_minimal,72,0.06803199648857117,14698.965951528293
1,512,sdpa_contig,73,0.023711999878287315,42172.73975763147
1,512,paged_minimal,73,0.0671359971165657,14895.138866616335
1,512,sdpa_contig,74,0.023552000522613525,42459.23818827394
1,512,paged_minimal,74,0.06835199892520905,14630.150042783722
1,512,sdpa_contig,75,0.02393599972128868,41778.075352775006
1,512,paged_minimal,75,0.06790400296449661,14726.672307122259
1,512,sdpa_contig,76,0.023520000278949738,42517.00629846481
1,512,paged_minimal,76,0.06774400174617767,14761.454508500792
1,512,sdpa_contig,77,0.02377600036561489,42059.21873412363
1,512,paged_minimal,77,0.06755200028419495,14803.410643547866
1,512,sdpa_contig,78,0.025312000885605812,39506.951841514456
1,512,paged_minimal,78,0.06771200150251389,14768.43067418224
1,512,sdpa_contig,79,0.023871999233961105,41890.08177318331
1,512,paged_minimal,79,0.06716799736022949,14888.042509841227
1,512,sdpa_contig,80,0.02348800003528595,42574.931816148805
1,512,paged_minimal,80,0.06739199906587601,14838.556710901174
1,512,sdpa_contig,81,0.023552000522613525,42459.23818827394
1,512,paged_minimal,81,0.07497599720954895,13337.601862168229
1,512,sdpa_contig,82,0.02380800060927868,42002.68709713787
1,512,paged_minimal,82,0.06815999746322632,14671.362048385052
1,512,sdpa_contig,83,0.02332800067961216,42866.93976625113
1,512,paged_minimal,83,0.06716799736022949,14888.042509841227
1,512,sdpa_contig,84,0.023679999634623528,42229.7303813239
1,512,paged_minimal,84,0.06774400174617767,14761.454508500792
1,512,sdpa_contig,85,0.024831999093294144,40270.62002712657
1,512,paged_minimal,85,0.06739199906587601,14838.556710901174
1,512,sdpa_contig,86,0.023391999304294586,42749.6592741608
1,512,paged_minimal,86,0.06735999882221222,14845.605960287608
1,512,sdpa_contig,87,0.024159999564290047,41390.72922327619
1,512,paged_minimal,87,0.06739199906587601,14838.556710901174
1,512,sdpa_contig,88,0.024512000381946564,40796.344011829984
1,512,paged_minimal,88,0.06723199784755707,14873.870062100734
1,512,sdpa_contig,89,0.023871999233961105,41890.08177318331
1,512,paged_minimal,89,0.07020799815654755,14243.391440534055
1,512,sdpa_contig,90,0.02319999970495701,43103.44882402459
1,512,paged_minimal,90,0.06758400052785873,14796.401399585557
1,512,sdpa_contig,91,0.023679999634623528,42229.7303813239
1,512,paged_minimal,91,0.06828799843788147,14643.861628330711
1,512,sdpa_contig,92,0.023584000766277313,42401.626844835286
1,512,paged_minimal,92,0.06841599941253662,14616.464110539016
1,512,sdpa_contig,93,0.023840000852942467,41946.30722408613
1,512,paged_minimal,93,0.06787200272083282,14733.615628127873
1,512,sdpa_contig,94,0.02332800067961216,42866.93976625113
1,512,paged_minimal,94,0.06806399673223495,14692.055242274691
1,512,sdpa_contig,95,0.02393599972128868,41778.075352775006
1,512,paged_minimal,95,0.06732799857854843,14852.66191053261
1,512,sdpa_contig,96,0.02412799932062626,41445.62450916234
1,512,paged_minimal,96,0.0671359971165657,14895.138866616335
1,512,sdpa_contig,97,0.024480000138282776,40849.67297186249
1,512,paged_minimal,97,0.06681600213050842,14966.474618561419
1,512,sdpa_contig,98,0.023296000435948372,42925.82337253422
1,512,paged_minimal,98,0.0671359971165657,14895.138866616335
1,512,sdpa_contig,99,0.02518399991095066,39707.75109339061
1,512,paged_minimal,99,0.06723199784755707,14873.870062100734
1,2048,sdpa_contig,0,0.039135999977588654,25551.921519129522
1,2048,paged_minimal,0,0.28911998867988586,3458.771579806617
1,2048,sdpa_contig,1,0.03324799984693527,30076.997251074572
1,2048,paged_minimal,1,0.26470398902893066,3777.804798743345
1,2048,sdpa_contig,2,0.03142400085926056,31822.809720465717
1,2048,paged_minimal,2,0.25724801421165466,3887.299200596491
1,2048,sdpa_contig,3,0.031936001032590866,31312.624238065826
1,2048,paged_minimal,3,0.2571519911289215,3888.7507563519366
1,2048,sdpa_contig,4,0.03206399828195572,31187.62642158568
1,2048,paged_minimal,4,0.2555519938468933,3913.0980155808193
1,2048,sdpa_contig,5,0.03167999908328056,31565.65747906729
1,2048,paged_minimal,5,0.25734400749206543,3885.8491780922177
1,2048,sdpa_contig,6,0.03177599981427193,31470.29222825141
1,2048,paged_minimal,6,0.25596800446510315,3906.7382741436845
1,2048,sdpa_contig,7,0.03219199925661087,31063.6190075906
1,2048,paged_minimal,7,0.2558720111846924,3908.2039312153784
1,2048,sdpa_contig,8,0.031039999797940254,32216.49505507915
1,2048,paged_minimal,8,0.2586880028247833,3865.660521865516
1,2048,sdpa_contig,9,0.03129599988460541,31952.965352990777
1,2048,paged_minimal,9,0.25577598810195923,3909.6711439596625
1,2048,sdpa_contig,10,0.03171199932694435,31533.804907416925
1,2048,paged_minimal,10,0.25468799471855164,3926.372741302829
1,2048,sdpa_contig,11,0.03174399957060814,31502.01655515088
1,2048,paged_minimal,11,0.2568640112876892,3893.1105801349263
1,2048,sdpa_contig,12,0.03097599931061268,32283.05856971627
1,2048,paged_minimal,12,0.25577598810195923,3909.6711439596625
1,2048,sdpa_contig,13,0.032575998455286026,30697.447428130403
1,2048,paged_minimal,13,0.2550080120563507,3921.4454163072483
1,2048,sdpa_contig,14,0.03167999908328056,31565.65747906729
1,2048,paged_minimal,14,0.25407999753952026,3935.768300078236
1,2048,sdpa_contig,15,0.03152000159025192,31725.886724233744
1,2048,paged_minimal,15,0.25804799795150757,3875.2480466363477
1,2048,sdpa_contig,16,0.03270399942994118,30577.299945904466
1,2048,paged_minimal,16,0.255295991897583,3917.021934293311
1,2048,sdpa_contig,17,0.03190400078892708,31344.031321208782
1,2048,paged_minimal,17,0.25494399666786194,3922.430075114843
1,2048,sdpa_contig,18,0.031488001346588135,31758.12872316059
1,2048,paged_minimal,18,0.2744959890842438,3643.040480613713
1,2048,sdpa_contig,19,0.03139200061559677,31855.24912047692
1,2048,paged_minimal,19,0.2654399871826172,3767.3298986110212
1,2048,sdpa_contig,20,0.031136000528931618,32117.16286652804
1,2048,paged_minimal,20,0.260672003030777,3836.238600130495
1,2048,sdpa_contig,21,0.03145600110292435,31790.436321768622
1,2048,paged_minimal,21,0.29363200068473816,3405.623357359006
1,2048,sdpa_contig,22,0.0315839983522892,31661.602462296236
1,2048,paged_minimal,22,0.25545600056648254,3914.5684492925016
1,2048,sdpa_contig,23,0.03232000023126602,30940.59383801027
1,2048,paged_minimal,23,0.2553600072860718,3916.0399885160227
1,2048,sdpa_contig,24,0.03155200183391571,31693.710125393227
1,2048,paged_minimal,24,0.2553279995918274,3916.5308998567357
1,2048,sdpa_contig,25,0.03126399964094162,31985.670786998566
1,2048,paged_minimal,25,0.25964799523353577,3851.368076616836
1,2048,sdpa_contig,26,0.030592000111937523,32688.284399220527
1,2048,paged_minimal,26,0.2548159956932068,3924.4004179548424
1,2048,sdpa_contig,27,0.03129599988460541,31952.965352990777
1,2048,paged_minimal,27,0.25459200143814087,3927.8531703713934
1,2048,sdpa_contig,28,0.031039999797940254,32216.49505507915
1,2048,paged_minimal,28,0.25731199979782104,3886.332548756897
1,2048,sdpa_contig,29,0.03152000159025192,31725.886724233744
1,2048,paged_minimal,29,0.2550399899482727,3920.953730443686
1,2048,sdpa_contig,30,0.030880000442266464,32383.419225320584
1,2048,paged_minimal,30,0.2542400062084198,3933.291282176198
1,2048,sdpa_contig,31,0.031039999797940254,32216.49505507915
1,2048,paged_minimal,31,0.26815998554229736,3729.1171461607505
1,2048,sdpa_contig,32,0.031136000528931618,32117.16286652804
1,2048,paged_minimal,32,0.2561280131340027,3904.2976508657553
1,2048,sdpa_contig,33,0.031328000128269196,31920.326733452675
1,2048,paged_minimal,33,0.2545599937438965,3928.347048146393
1,2048,sdpa_contig,34,0.032735999673604965,30547.40988424129
1,2048,paged_minimal,34,0.2600319981575012,3845.680558876068
1,2048,sdpa_contig,35,0.03177599981427193,31470.29222825141
1,2048,paged_minimal,35,0.25833600759506226,3870.9276701662307
1,2048,sdpa_contig,36,0.030880000442266464,32383.419225320584
1,2048,paged_minimal,36,0.25545600056648254,3914.5684492925016
1,2048,sdpa_contig,37,0.03145600110292435,31790.436321768622
1,2048,paged_minimal,37,0.2553600072860718,3916.0399885160227
1,2048,sdpa_contig,38,0.030912000685930252,32349.89576249443
1,2048,paged_minimal,38,0.25484800338745117,3923.9075319718218
1,2048,sdpa_contig,39,0.03110400028526783,32150.205466453852
1,2048,paged_minimal,39,0.2548159956932068,3924.4004179548424
1,2048,sdpa_contig,40,0.03139200061559677,31855.24912047692
1,2048,paged_minimal,40,0.2537280023097992,3941.2283661895963
1,2048,sdpa_contig,41,0.03155200183391571,31693.710125393227
1,2048,paged_minimal,41,0.2537600100040436,3940.7312443913656
1,2048,sdpa_contig,42,0.03190400078892708,31344.031321208782
1,2048,paged_minimal,42,0.25731199979782104,3886.332548756897
1,2048,sdpa_contig,43,0.03161599859595299,31629.556060519473
1,2048,paged_minimal,43,0.2559039890766144,3907.7155600752
1,2048,sdpa_contig,44,0.03129599988460541,31952.965352990777
1,2048,paged_minimal,44,0.25433599948883057,3931.8067517371487
1,2048,sdpa_contig,45,0.03142400085926056,31822.809720465717
1,2048,paged_minimal,45,0.25593599677085876,3907.2268559991066
1,2048,sdpa_contig,46,0.03814399987459183,26216.44303921341
1,2048,paged_minimal,46,0.2540479898452759,3936.2641704389594
1,2048,sdpa_contig,47,0.04342399910092354,23028.740344155267
1,2048,paged_minimal,47,0.25308799743652344,3951.1948813408594
1,2048,sdpa_contig,48,0.036448001861572266,27436.346272093357
1,2048,paged_minimal,48,0.260672003030777,3836.238600130495
1,2048,sdpa_contig,49,0.03174399957060814,31502.01655515088
1,2048,paged_minimal,49,0.25628799200057983,3901.8605288293707
1,2048,sdpa_contig,50,0.03830400109291077,26106.933256773485
1,2048,paged_minimal,50,0.25417599081993103,3934.281899616719
1,2048,sdpa_contig,51,0.041760001331567764,23946.35938969827
1,2048,paged_minimal,51,0.255295991897583,3917.021934293311
1,2048,sdpa_contig,52,0.0469760000705719,21287.465908074402
1,2048,paged_minimal,52,0.25567999482154846,3911.1390028693827
1,2048,sdpa_contig,53,0.03747199848294258,26686.59373625894
1,2048,paged_minimal,53,0.2542079985141754,3933.786528531426
1,2048,sdpa_contig,54,0.043455999344587326,23011.782379469205
1,2048,paged_minimal,54,0.2534080147743225,3946.2050988820133
1,2048,sdpa_contig,55,0.03359999880194664,29761.90582310569
1,2048,paged_minimal,55,0.25811201333999634,3874.286930933186
1,2048,sdpa_contig,56,0.03152000159025192,31725.886724233744
1,2048,paged_minimal,56,0.25407999753952026,3935.768300078236
1,2048,sdpa_contig,57,0.03203200176358223,31218.779499972377
1,2048,paged_minimal,57,0.2542400062084198,3933.291282176198
1,2048,sdpa_contig,58,0.030751999467611313,32518.210760676622
1,2048,paged_minimal,58,0.2545599937438965,3928.347048146393
1,2048,sdpa_contig,59,0.03081599995493889,32450.675021490897
1,2048,paged_minimal,59,0.2552320063114166,3918.0039151510978
1,2048,sdpa_contig,60,0.03145600110292435,31790.436321768622
1,2048,paged_minimal,60,0.25385600328445435,3939.2410936189904
1,2048,sdpa_contig,61,0.0318400003015995,31407.03487838109
1,2048,paged_minimal,61,0.25388801097869873,3938.744472986951
1,2048,sdpa_contig,62,0.03139200061559677,31855.24912047692
1,2048,paged_minimal,62,0.25488001108169556,3923.414769781513
1,2048,sdpa_contig,63,0.03139200061559677,31855.24912047692
1,2048,paged_minimal,63,0.2540479898452759,3936.2641704389594
1,2048,sdpa_contig,64,0.03145600110292435,31790.436321768622
1,2048,paged_minimal,64,0.2543039917945862,3932.3016243006878
1,2048,sdpa_contig,65,0.03136000037193298,31887.754723848604
1,2048,paged_minimal,65,0.2553279995918274,3916.5308998567357
1,2048,sdpa_contig,66,0.031072000041604042,32183.316125806
1,2048,paged_minimal,66,0.25462400913238525,3927.359416762916
1,2048,sdpa_contig,67,0.03388800099492073,29508.969860744633
1,2048,paged_minimal,67,0.255264014005661,3917.512634498582
1,2048,sdpa_contig,68,0.032416000962257385,30848.96255908681
1,2048,paged_minimal,68,0.25971201062202454,3850.4187680998853
1,2048,sdpa_contig,69,0.031647998839616776,31597.574464904428
1,2048,paged_minimal,69,0.306304007768631,3264.730381051225
1,2048,sdpa_contig,70,0.03046399913728237,32825.63118169809
1,2048,paged_minimal,70,0.23881599307060242,4187.324253884307
1,2048,sdpa_contig,71,0.031168000772595406,32084.188116398345
1,2048,paged_minimal,71,0.23209600150585175,4308.56194640125
1,2048,sdpa_contig,72,0.030751999467611313,32518.210760676622
1,2048,paged_minimal,72,0.2322559952735901,4305.593915119531
1,2048,sdpa_contig,73,0.0315839983522892,31661.602462296236
1,2048,paged_minimal,73,0.26396799087524414,3788.338111315237
1,2048,sdpa_contig,74,0.030848000198602676,32417.012239428637
1,2048,paged_minimal,74,0.2547839879989624,3924.893427777229
1,2048,sdpa_contig,75,0.0318400003015995,31407.03487838109
1,2048,paged_minimal,75,0.2571200132369995,3889.234398406216
1,2048,sdpa_contig,76,0.03139200061559677,31855.24912047692
1,2048,paged_minimal,76,0.25411200523376465,3935.2725546361826
1,2048,sdpa_contig,77,0.03270399942994118,30577.299945904466
1,2048,paged_minimal,77,0.25411200523376465,3935.2725546361826
1,2048,sdpa_contig,78,0.03145600110292435,31790.436321768622
1,2048,paged_minimal,78,0.2569600045681,3891.6562197327416
1,2048,sdpa_contig,79,0.030880000442266464,32383.419225320584
1,2048,paged_minimal,79,0.2534080147743225,3946.2050988820133
1,2048,sdpa_contig,80,0.030848000198602676,32417.012239428637
1,2048,paged_minimal,80,0.2534399926662445,3945.707184883411
1,2048,sdpa_contig,81,0.031488001346588135,31758.12872316059
1,2048,paged_minimal,81,0.2587519884109497,3864.7046004987633
1,2048,sdpa_contig,82,0.031168000772595406,32084.188116398345
1,2048,paged_minimal,82,0.25651198625564575,3898.45330269821
1,2048,sdpa_contig,83,0.031328000128269196,31920.326733452675
1,2048,paged_minimal,83,0.2548159956932068,3924.4004179548424
1,2048,sdpa_contig,84,0.031007999554276466,32249.742465636904
1,2048,paged_minimal,84,0.2829760015010834,3533.8685778842328
1,2048,sdpa_contig,85,0.035360001027584076,28280.542164574807
1,2048,paged_minimal,85,0.2531839907169342,3949.6968081130535
1,2048,sdpa_contig,86,0.03219199925661087,31063.6190075906
1,2048,paged_minimal,86,0.2704319953918457,3697.787307123323
1,2048,sdpa_contig,87,0.03161599859595299,31629.556060519473
1,2048,paged_minimal,87,0.25679999589920044,3894.0810590687147
1,2048,sdpa_contig,88,0.03152000159025192,31725.886724233744
1,2048,paged_minimal,88,0.25388801097869873,3938.744472986951
1,2048,sdpa_contig,89,0.031488001346588135,31758.12872316059
1,2048,paged_minimal,89,0.25574401021003723,3910.1600040553085
1,2048,sdpa_contig,90,0.030559999868273735,32722.513230052828
1,2048,paged_minimal,90,0.25488001108169556,3923.414769781513
1,2048,sdpa_contig,91,0.03167999908328056,31565.65747906729
1,2048,paged_minimal,91,0.2544960081577301,3929.3347162452374
1,2048,sdpa_contig,92,0.03094400092959404,32316.441635174135
1,2048,paged_minimal,92,0.2539840042591095,3937.2558241101656
1,2048,sdpa_contig,93,0.031168000772595406,32084.188116398345
1,2048,paged_minimal,93,0.2523519992828369,3962.718753336275
1,2048,sdpa_contig,94,0.0306560005992651,32620.041115995165
1,2048,paged_minimal,94,0.2565760016441345,3897.4806435208966
1,2048,sdpa_contig,95,0.030880000442266464,32383.419225320584
1,2048,paged_minimal,95,0.25440001487731934,3930.817380188579
1,2048,sdpa_contig,96,0.031007999554276466,32249.742465636904
1,2048,paged_minimal,96,0.2534720003604889,3945.2089326544788
1,2048,sdpa_contig,97,0.03097599931061268,32283.05856971627
1,2048,paged_minimal,97,0.2560639977455139,3905.2737159631392
1,2048,sdpa_contig,98,0.03081599995493889,32450.675021490897
1,2048,paged_minimal,98,0.25356799364089966,3943.715394207794
1,2048,sdpa_contig,99,0.03129599988460541,31952.965352990777
1,2048,paged_minimal,99,0.25356799364089966,3943.715394207794
1,8192,sdpa_contig,0,0.08870399743318558,11273.44909966689
1,8192,paged_minimal,0,1.0696640014648438,934.8730055704942
1,8192,sdpa_contig,1,0.08115199953317642,12322.555275932316
1,8192,paged_minimal,1,0.9348800182342529,1069.6559777678658
1,8192,sdpa_contig,2,0.08083199709653854,12371.338528301967
1,8192,paged_minimal,2,0.9261119961738586,1079.7830112679703
1,8192,sdpa_contig,3,0.07971200346946716,12545.162039278555
1,8192,paged_minimal,3,0.9235519766807556,1082.776091925003
1,8192,sdpa_contig,4,0.08102399855852127,12342.02233647762
1,8192,paged_minimal,4,0.9227520227432251,1083.7147742327634
1,8192,sdpa_contig,5,0.07929600030183792,12610.976546024125
1,8192,paged_minimal,5,0.9216319918632507,1085.0317793095635
1,8192,sdpa_contig,6,0.08198399841785431,12197.502186990456
1,8192,paged_minimal,6,0.9188479781150818,1088.3193126804206
1,8192,sdpa_contig,7,0.08032000064849854,12450.199102665141
1,8192,paged_minimal,7,0.9479680061340332,1054.8879218805723
1,8192,sdpa_contig,8,0.08076799660921097,12381.141565741866
1,8192,paged_minimal,8,0.9257919788360596,1080.1562584904198
1,8192,sdpa_contig,9,0.08054400235414505,12415.573733263043
1,8192,paged_minimal,9,0.9205759763717651,1086.2764461237257
1,8192,sdpa_contig,10,0.08681599795818329,11518.614351258977
1,8192,paged_minimal,10,0.9247679710388184,1081.3523297921654
1,8192,sdpa_contig,11,0.08163200318813324,12250.097522357126
1,8192,paged_minimal,11,0.9186559915542603,1088.5467565591284
1,8192,sdpa_contig,12,0.07999999821186066,12500.000279396778
1,8192,paged_minimal,12,0.9195520281791687,1087.486046852758
1,8192,sdpa_contig,13,0.08079999685287476,12376.238105811526
1,8192,paged_minimal,13,0.9227839708328247,1083.6772544905464
1,8192,sdpa_contig,14,0.08060800284147263,12405.716116880425
1,8192,paged_minimal,14,0.9174720048904419,1089.9515131466196
1,8192,sdpa_contig,15,0.07929600030183792,12610.976546024125
1,8192,paged_minimal,15,0.918720006942749,1088.4709078315695
1,8192,sdpa_contig,16,0.08115199953317642,12322.555275932316
1,8192,paged_minimal,16,0.9188799858093262,1088.2814028419884
1,8192,sdpa_contig,17,0.07929600030183792,12610.976546024125
1,8192,paged_minimal,17,0.9211519956588745,1085.5971704047904
1,8192,sdpa_contig,18,0.08105599880218506,12337.14980726439
1,8192,paged_minimal,18,0.9201279878616333,1086.8053283804445
1,8192,sdpa_contig,19,0.0793600007891655,12600.806326308952
1,8192,paged_minimal,19,0.922432005405426,1084.0907450522398
1,8192,sdpa_contig,20,0.08019199967384338,12470.071878331959
1,8192,paged_minimal,20,0.9209280014038086,1085.861216594195
1,8192,sdpa_contig,21,0.0791039988398552,12641.585945920184
1,8192,paged_minimal,21,0.9179199934005737,1089.4195650923218
1,8192,sdpa_contig,22,0.07964800298213959,12555.242599418869
1,8192,paged_minimal,22,0.9200000166893005,1086.956502021148
1,8192,sdpa_contig,23,0.07872000336647034,12703.251489264236
1,8192,paged_minimal,23,0.9206399917602539,1086.2009134406715
1,8192,sdpa_contig,24,0.07999999821186066,12500.000279396778
1,8192,paged_minimal,24,0.9153919816017151,1092.4281838805725
1,8192,sdpa_contig,25,0.07996799796819687,12505.002318523695
1,8192,paged_minimal,25,0.918720006942749,1088.4709078315695
1,8192,sdpa_contig,26,0.0798719972372055,12520.032484353425
1,8192,paged_minimal,26,0.9180799722671509,1089.2297296612971
1,8192,sdpa_contig,27,0.07971200346946716,12545.162039278555
1,8192,paged_minimal,27,0.9200959801673889,1086.8431354499282
1,8192,sdpa_contig,28,0.08051200211048126,12420.508418456251
1,8192,paged_minimal,28,0.9178879857063293,1089.4575542684374
1,8192,sdpa_contig,29,0.07846400141716003,12744.697975360972
1,8192,paged_minimal,29,0.917792022228241,1089.5714669344939
1,8192,sdpa_contig,30,0.07996799796819687,12505.002318523695
1,8192,paged_minimal,30,0.9183679819107056,1088.8881360165185
1,8192,sdpa_contig,31,0.07859200239181519,12723.940980846457
1,8192,paged_minimal,31,0.9183679819107056,1088.8881360165185
1,8192,sdpa_contig,32,0.0791039988398552,12641.585945920184
1,8192,paged_minimal,32,0.9274880290031433,1078.1810316999909
1,8192,sdpa_contig,33,0.07932800054550171,12605.889384876284
1,8192,paged_minimal,33,0.9172800183296204,1090.179639823632
1,8192,sdpa_contig,34,0.08076799660921097,12381.141565741866
1,8192,paged_minimal,34,0.9164479970932007,1091.1693878668625
1,8192,sdpa_contig,35,0.08089599758386612,12361.55100211583
1,8192,paged_minimal,35,0.9162240028381348,1091.4361519697773
1,8192,sdpa_contig,36,0.07932800054550171,12605.889384876284
1,8192,paged_minimal,36,0.9185280203819275,1088.698415083947
1,8192,sdpa_contig,37,0.07878399640321732,12692.933154621778
1,8192,paged_minimal,37,0.9198079705238342,1087.1834470302492
1,8192,sdpa_contig,38,0.0796160027384758,12560.288957043216
1,8192,paged_minimal,38,0.9168319702148438,1090.712401494537
1,8192,sdpa_contig,39,0.0791039988398552,12641.585945920184
1,8192,paged_minimal,39,0.9168319702148438,1090.712401494537
1,8192,sdpa_contig,40,0.0804160013794899,12435.336038171254
1,8192,paged_minimal,40,0.925216019153595,1080.8286706004278
1,8192,sdpa_contig,41,0.07897599786520004,12662.074896563474
1,8192,paged_minimal,41,0.9145280122756958,1093.4602183607446
1,8192,sdpa_contig,42,0.0798719972372055,12520.032484353425
1,8192,paged_minimal,42,0.920415997505188,1086.465253440321
1,8192,sdpa_contig,43,0.07884799689054489,12682.630370282946
1,8192,paged_minimal,43,0.9181439876556396,1089.153785729588
1,8192,sdpa_contig,44,0.08796799927949905,11367.770191325131
1,8192,paged_minimal,44,0.9185919761657715,1088.6226158582704
1,8192,sdpa_contig,45,0.07919999957084656,12626.262694679344
1,8192,paged_minimal,45,0.9151679873466492,1092.6955639033056
1,8192,sdpa_contig,46,0.08102399855852127,12342.02233647762
1,8192,paged_minimal,46,0.9191679954528809,1087.9404036552562
1,8192,sdpa_contig,47,0.07932800054550171,12605.889384876284
1,8192,paged_minimal,47,0.9149439930915833,1092.963074844629
1,8192,sdpa_contig,48,0.07996799796819687,12505.002318523695
1,8192,paged_minimal,48,0.9304640293121338,1074.7325726705117
1,8192,sdpa_contig,49,0.07932800054550171,12605.889384876284
1,8192,paged_minimal,49,0.9333440065383911,1071.416319164918
1,8192,sdpa_contig,50,0.08025600016117096,12460.127566683977
1,8192,paged_minimal,50,0.9307199716567993,1074.4370277344253
1,8192,sdpa_contig,51,0.0788159966468811,12687.779670925114
1,8192,paged_minimal,51,0.9319999814033508,1072.9613947998785
1,8192,sdpa_contig,52,0.08060800284147263,12405.716116880425
1,8192,paged_minimal,52,0.9304320216178894,1074.7695444328558
1,8192,sdpa_contig,53,0.08009599894285202,12485.018143209545
1,8192,paged_minimal,53,0.917568027973175,1089.8374502094518
1,8192,sdpa_contig,54,0.08748800307512283,11430.138588731254
1,8192,paged_minimal,54,0.9177280068397522,1089.6474691271067
1,8192,sdpa_contig,55,0.08079999685287476,12376.238105811526
1,8192,paged_minimal,55,0.9182080030441284,1089.0778523871575
1,8192,sdpa_contig,56,0.08057600259780884,12410.64296762711
1,8192,paged_minimal,56,0.9196479916572571,1087.3725698002604
1,8192,sdpa_contig,57,0.07993599772453308,12510.00836251639
1,8192,paged_minimal,57,0.9185919761657715,1088.6226158582704
1,8192,sdpa_contig,58,0.0798719972372055,12520.032484353425
1,8192,paged_minimal,58,0.9417920112609863,1061.8055664552492
1,8192,sdpa_contig,59,0.07926400005817413,12616.067814721326
1,8192,paged_minimal,59,0.9190719723701477,1088.0540698256211
1,8192,sdpa_contig,60,0.08060800284147263,12405.716116880425
1,8192,paged_minimal,60,0.9169279932975769,1090.5981792568778
1,8192,sdpa_contig,61,0.0793600007891655,12600.806326308952
1,8192,paged_minimal,61,0.9233599901199341,1083.0012245496052
1,8192,sdpa_contig,62,0.08070400357246399,12390.959007406636
1,8192,paged_minimal,62,0.9172800183296204,1090.179639823632
1,8192,sdpa_contig,63,0.07980799674987793,12530.072683493707
1,8192,paged_minimal,63,0.9165440201759338,1091.0550699005669
1,8192,sdpa_contig,64,0.08022399991750717,12465.0977391838
1,8192,paged_minimal,64,0.9158400297164917,1091.8937451440738
1,8192,sdpa_contig,65,0.07903999835252762,12651.822126056775
1,8192,paged_minimal,65,0.9199039936065674,1087.0699626810065
1,8192,sdpa_contig,66,0.08022399991750717,12465.0977391838
1,8192,paged_minimal,66,0.917248010635376,1090.2176820283337
1,8192,sdpa_contig,67,0.07891199737787247,12672.344297806454
1,8192,paged_minimal,67,0.9158719778060913,1091.8556569395557
1,8192,sdpa_contig,68,0.08076799660921097,12381.141565741866
1,8192,paged_minimal,68,0.921887993812561,1084.7304734541544
1,8192,sdpa_contig,69,0.08009599894285202,12485.018143209545
1,8192,paged_minimal,69,0.9209920167922974,1085.785741642884
1,8192,sdpa_contig,70,0.08044800162315369,12430.38956622374
1,8192,paged_minimal,70,0.9191039800643921,1088.016178463225
1,8192,sdpa_contig,71,0.07942400127649307,12590.652497080471
1,8192,paged_minimal,71,0.9188479781150818,1088.3193126804206
1,8192,sdpa_contig,72,0.08111999928951263,12327.416281539368
1,8192,paged_minimal,72,0.9166719913482666,1090.9027541347393
1,8192,sdpa_contig,73,0.0788159966468811,12687.779670925114
1,8192,paged_minimal,73,0.914687991142273,1093.2689722439543
1,8192,sdpa_contig,74,0.07983999699354172,12525.050571844215
1,8192,paged_minimal,74,0.9162240028381348,1091.4361519697773
1,8192,sdpa_contig,75,0.07900799810886383,12656.94643499404
1,8192,paged_minimal,75,0.9198399782180786,1087.1456162812233
1,8192,sdpa_contig,76,0.07999999821186066,12500.000279396778
1,8192,paged_minimal,76,0.9242240190505981,1081.9887596377794
1,8192,sdpa_contig,77,0.07929600030183792,12610.976546024125
1,8192,paged_minimal,77,0.9260159730911255,1079.8949791998825
1,8192,sdpa_contig,78,0.08057600259780884,12410.64296762711
1,8192,paged_minimal,78,0.9149119853973389,1093.0013115586282
1,8192,sdpa_contig,79,0.07897599786520004,12662.074896563474
1,8192,paged_minimal,79,0.917855978012085,1089.4955460940882
1,8192,sdpa_contig,80,0.08032000064849854,12450.199102665141
1,8192,paged_minimal,80,0.9150400161743164,1092.8483807526716
1,8192,sdpa_contig,81,0.08089599758386612,12361.55100211583
1,8192,paged_minimal,81,0.9173120260238647,1090.1416002737371
1,8192,sdpa_contig,82,0.07939200103282928,12595.727365361296
1,8192,paged_minimal,82,0.9228799939155579,1083.5645009024852
1,8192,sdpa_contig,83,0.07903999835252762,12651.822126056775
1,8192,paged_minimal,83,0.9165120124816895,1091.0931732277525
1,8192,sdpa_contig,84,0.08185599744319916,12216.575831159003
1,8192,paged_minimal,84,0.9166399836540222,1090.9408468237202
1,8192,sdpa_contig,85,0.07929600030183792,12610.976546024125
1,8192,paged_minimal,85,0.9173759818077087,1090.0655999620558
1,8192,sdpa_contig,86,0.07968000322580338,12550.200295124518
1,8192,paged_minimal,86,0.922111988067627,1084.4669768317347
1,8192,sdpa_contig,87,0.07897599786520004,12662.074896563474
1,8192,paged_minimal,87,0.9163200259208679,1091.3217781037108
1,8192,sdpa_contig,88,0.08003199845552444,12495.002240331687
1,8192,paged_minimal,88,0.9160000085830688,1091.703046539124
1,8192,sdpa_contig,89,0.07999999821186066,12500.000279396778
1,8192,paged_minimal,89,0.9180480241775513,1089.2676348776708
1,8192,sdpa_contig,90,0.08028800040483475,12455.161356089551
1,8192,paged_minimal,90,0.916703999042511,1090.864664105852
1,8192,sdpa_contig,91,0.07980799674987793,12530.072683493707
1,8192,paged_minimal,91,0.9163839817047119,1091.2456131541503
1,8192,sdpa_contig,92,0.0799039974808693,12515.018416186515
1,8192,paged_minimal,92,0.9152320027351379,1092.6191359256843
1,8192,sdpa_contig,93,0.07971200346946716,12545.162039278555
1,8192,paged_minimal,93,0.9195200204849243,1087.5239012986724
1,8192,sdpa_contig,94,0.08060800284147263,12405.716116880425
1,8192,paged_minimal,94,0.9147840142250061,1093.15421394545
1,8192,sdpa_contig,95,0.07919999957084656,12626.262694679344
1,8192,paged_minimal,95,0.9161279797554016,1091.5505498118193
1,8192,sdpa_contig,96,0.08003199845552444,12495.002240331687
1,8192,paged_minimal,96,0.9141119718551636,1093.9578856740375
1,8192,sdpa_contig,97,0.0790719985961914,12646.701964709997
1,8192,paged_minimal,97,0.9157119989395142,1092.0464088688361
1,8192,sdpa_contig,98,0.08089599758386612,12361.55100211583
1,8192,paged_minimal,98,0.9146239757537842,1093.3454911630251
1,8192,sdpa_contig,99,0.07993599772453308,12510.00836251639
1,8192,paged_minimal,99,0.9208639860153198,1085.936702039039
4,512,sdpa_contig,0,0.03161599859595299,126518.2242420779
4,512,paged_minimal,0,0.07676800340414047,52105.04145773134
4,512,sdpa_contig,1,0.026496000587940216,150966.180224974
4,512,paged_minimal,1,0.0713919997215271,56028.68690613053
4,512,sdpa_contig,2,0.02473600022494793,161707.63112969775
4,512,paged_minimal,2,0.06960000097751617,57471.26356064526
4,512,sdpa_contig,3,0.024288000538945198,164690.37842724437
4,512,paged_minimal,3,0.06905599683523178,57924.00636173619
4,512,sdpa_contig,4,0.024351999163627625,164257.56148901474
4,512,paged_minimal,4,0.069023996591568,57950.86053432962
4,512,sdpa_contig,5,0.024320000782608986,164473.67891782158
4,512,paged_minimal,5,0.0689919963479042,57977.73961822036
4,512,sdpa_contig,6,0.025151999667286873,159033.08098411234
4,512,paged_minimal,6,0.06908799707889557,57897.177065824755
4,512,sdpa_contig,7,0.023423999547958374,170765.03061786637
4,512,paged_minimal,7,0.06886400282382965,58085.49947688842
4,512,sdpa_contig,8,0.024512000381946564,163185.37604731994
4,512,paged_minimal,8,0.06908799707889557,57897.177065824755
4,512,sdpa_contig,9,0.025887999683618546,154511.74478077298
4,512,paged_minimal,9,0.0697920024394989,57313.15709801433
4,512,sdpa_contig,10,0.024607999250292778,162548.76958159893
4,512,paged_minimal,10,0.06748799979686737,59269.79629029797
4,512,sdpa_contig,11,0.023360000923275948,171232.86994455522
4,512,paged_minimal,11,0.06697600334882736,59722.88282367379
4,512,sdpa_contig,12,0.024000000208616257,166666.66521794267
4,512,paged_minimal,12,0.06854400038719177,58356.675674089274
4,512,sdpa_contig,13,0.023423999547958374,170765.03061786637
4,512,paged_minimal,13,0.06735999882221222,59382.423841150434
4,512,sdpa_contig,14,0.024383999407291412,164041.9987380701
4,512,paged_minimal,14,0.06735999882221222,59382.423841150434
4,512,sdpa_contig,15,0.023264000192284584,171939.4758828529
4,512,paged_minimal,15,0.06675200164318085,59923.296703247644
4,512,sdpa_contig,16,0.037248000502586365,107388.31470221482
4,512,paged_minimal,16,0.0676800012588501,59101.65374704311
4,512,sdpa_contig,17,0.03440000116825104,116279.0658185134
4,512,paged_minimal,17,0.06784000247716904,58962.26199794384
4,512,sdpa_contig,18,0.024159999564290047,165562.91689310476
4,512,paged_minimal,18,0.06726399809122086,59467.17580741117
4,512,sdpa_contig,19,0.02393599972128868,167112.30141110002
4,512,paged_minimal,19,0.0692799985408783,57736.72177027864
4,512,sdpa_contig,20,0.024000000208616257,166666.66521794267
4,512,paged_minimal,20,0.06812799721956253,58713.01319938736
4,512,sdpa_contig,21,0.023231999948620796,172176.30892072493
4,512,paged_minimal,21,0.06755200028419495,59213.642574191465
4,512,sdpa_contig,22,0.024351999163627625,164257.56148901474
4,512,paged_minimal,22,0.06723199784755707,59495.480248402935
4,512,sdpa_contig,23,0.023552000522613525,169836.95275309577
4,512,paged_minimal,23,0.06796800345182419,58851.22111664212
4,512,sdpa_contig,24,0.023903999477624893,167336.01436630558
4,512,paged_minimal,24,0.06758400052785873,59185.60559834223
4,512,sdpa_contig,25,0.025248000398278236,158428.3878684023
4,512,paged_minimal,25,0.06771200150251389,59073.72269672896
4,512,sdpa_contig,26,0.026496000587940216,150966.180224974
4,512,paged_minimal,26,0.06726399809122086,59467.17580741117
4,512,sdpa_contig,27,0.02332800067961216,171467.75906500453
4,512,paged_minimal,27,0.06796800345182419,58851.22111664212
4,512,sdpa_contig,28,0.02470399998128414,161917.09856826495
4,512,paged_minimal,28,0.06943999975919724,57603.686835701716
4,512,sdpa_contig,29,0.023455999791622162,170532.06154225368
4,512,paged_minimal,29,0.0681919977068901,58657.909058379744
4,512,sdpa_contig,30,0.022975999861955643,174094.70856688684
4,512,paged_minimal,30,0.06719999760389328,59523.81164621138
4,512,sdpa_contig,31,0.02380800060927868,168010.74838855147
4,512,paged_minimal,31,0.06745599955320358,59297.913106233624
4,512,sdpa_contig,32,0.023679999634623528,168918.9215252956
4,512,paged_minimal,32,0.06803199648857117,58795.86380611317
4,512,sdpa_contig,33,0.02425600029528141,164907.64970752955
4,512,paged_minimal,33,0.0676800012588501,59101.65374704311
4,512,sdpa_contig,34,0.02332800067961216,171467.75906500453
4,512,paged_minimal,34,0.06700800359249115,59694.36165157196
4,512,sdpa_contig,35,0.02332800067961216,171467.75906500453
4,512,paged_minimal,35,0.06729599833488464,59438.898284781004
4,512,sdpa_contig,36,0.024224000051617622,165125.49502462908
4,512,paged_minimal,36,0.06752000004053116,59241.706125575605
4,512,sdpa_contig,37,0.023744000121951103,168463.61099459554
4,512,paged_minimal,37,0.06678400188684464,59894.58383726979
4,512,sdpa_contig,38,0.022943999618291855,174337.52033412008
4,512,paged_minimal,38,0.07257600128650665,55114.63747099113
4,512,sdpa_contig,39,0.023903999477624893,167336.01436630558
4,512,paged_minimal,39,0.06880000233650208,58139.5329092567
4,512,sdpa_contig,40,0.02409599907696247,166002.66240150595
4,512,paged_minimal,40,0.06755200028419495,59213.642574191465
4,512,sdpa_contig,41,0.023711999878287315,168690.95903052588
4,512,paged_minimal,41,0.06732799857854843,59410.64764213044
4,512,sdpa_contig,42,0.024960000067949295,160256.40982013982
4,512,paged_minimal,42,0.06764800101518631,59129.6112223928
4,512,sdpa_contig,43,0.0244159996509552,163827.0010314123
4,512,paged_minimal,43,0.06806399673223495,58768.220969098766
4,512,sdpa_contig,44,0.02380800060927868,168010.74838855147
4,512,paged_minimal,44,0.06764800101518631,59129.6112223928
4,512,sdpa_contig,45,0.023615999147295952,169376.69988263032
4,512,paged_minimal,45,0.0676800012588501,59101.65374704311
4,512,sdpa_contig,46,0.023455999791622162,170532.06154225368
4,512,paged_minimal,46,0.06732799857854843,59410.64764213044
4,512,sdpa_contig,47,0.024320000782608986,164473.67891782158
4,512,paged_minimal,47,0.06934399902820587,57683.43412633281
4,512,sdpa_contig,48,0.02393599972128868,167112.30141110002
4,512,paged_minimal,48,0.06777600198984146,59017.93972148927
4,512,sdpa_contig,49,0.02377600036561489,168236.8749364945
4,512,paged_minimal,49,0.06691200286149979,59780.00700830229
4,512,sdpa_contig,50,0.023871999233961105,167560.32709273323
4,512,paged_minimal,50,0.06755200028419495,59213.642574191465
4,512,sdpa_contig,51,0.024831999093294144,161082.48010850628
4,512,paged_minimal,51,0.0671359971165657,59580.55546646534
4,512,sdpa_contig,52,0.023871999233961105,167560.32709273323
4,512,paged_minimal,52,0.06809599697589874,58740.60411239331
4,512,sdpa_contig,53,0.023679999634623528,168918.9215252956
4,512,paged_minimal,53,0.06719999760389328,59523.81164621138
4,512,sdpa_contig,54,0.024224000051617622,165125.49502462908
4,512,paged_minimal,54,0.06752000004053116,59241.706125575605
4,512,sdpa_contig,55,0.023520000278949738,170068.02519385924
4,512,paged_minimal,55,0.06745599955320358,59297.913106233624
4,512,sdpa_contig,56,0.024224000051617622,165125.49502462908
4,512,paged_minimal,56,0.06732799857854843,59410.64764213044
4,512,sdpa_contig,57,0.02412799932062626,165782.49803664937
4,512,paged_minimal,57,0.06896000355482101,58004.63738114698
4,512,sdpa_contig,58,0.023135999217629433,172890.73890320823
4,512,paged_minimal,58,0.06780800223350525,58990.08772188133
4,512,sdpa_contig,59,0.026496000587940216,150966.180224974
4,512,paged_minimal,59,0.06764800101518631,59129.6112223928
4,512,sdpa_contig,60,0.024639999493956566,162337.66567166842
4,512,paged_minimal,60,0.06719999760389328,59523.81164621138
4,512,sdpa_contig,61,0.024191999807953835,165343.9166564842
4,512,paged_minimal,61,0.06780800223350525,58990.08772188133
4,512,sdpa_contig,62,0.025855999439954758,154702.97364792172
4,512,paged_minimal,62,0.06694400310516357,59751.43126287691
4,512,sdpa_contig,63,0.023871999233961105,167560.32709273323
4,512,paged_minimal,63,0.0740479975938797,54019.016448469265
4,512,sdpa_contig,64,0.023903999477624893,167336.01436630558
4,512,paged_minimal,64,0.06950400024652481,57550.64436309188
4,512,sdpa_contig,65,0.02316799946129322,172651.93771619344
4,512,paged_minimal,65,0.08630400151014328,46347.7930340215
4,512,sdpa_contig,66,0.02287999913096428,174825.18146544264
4,512,paged_minimal,66,0.07760000228881836,51546.39023221232
4,512,sdpa_contig,67,0.024000000208616257,166666.66521794267
4,512,paged_minimal,67,0.06918399780988693,57816.83809298989
4,512,sdpa_contig,68,0.024288000538945198,164690.37842724437
4,512,paged_minimal,68,0.06774400174617767,59045.81803400317
4,512,sdpa_contig,69,0.02921600081026554,136911.27769254893
4,512,paged_minimal,69,0.06870400160551071,58220.771811334525
4,512,sdpa_contig,70,0.02502400055527687,159846.54376761953
4,512,paged_minimal,70,0.07023999840021133,56947.6094974963
4,512,sdpa_contig,71,0.023423999547958374,170765.03061786637
4,512,paged_minimal,71,0.0679360032081604,58878.942108851115
4,512,sdpa_contig,72,0.02412799932062626,165782.49803664937
4,512,paged_minimal,72,0.06758400052785873,59185.60559834223
4,512,sdpa_contig,73,0.023264000192284584,171939.4758828529
4,512,paged_minimal,73,0.06784000247716904,58962.26199794384
4,512,sdpa_contig,74,0.023264000192284584,171939.4758828529
4,512,paged_minimal,74,0.066880002617836,59808.61009914574
4,512,sdpa_contig,75,0.02489599958062172,160668.38316921715
4,512,paged_minimal,75,0.0671359971165657,59580.55546646534
4,512,sdpa_contig,76,0.02425600029528141,164907.64970752955
4,512,paged_minimal,76,0.07094399631023407,56382.5018047789
4,512,sdpa_contig,77,0.024064000695943832,166223.39944804896
4,512,paged_minimal,77,0.06803199648857117,58795.86380611317
4,512,sdpa_contig,78,0.023520000278949738,170068.02519385924
4,512,paged_minimal,78,0.06707199662923813,59637.40757728262
4,512,sdpa_contig,79,0.02304000034928322,173611.10847919068
4,512,paged_minimal,79,0.06800000369548798,58823.52621497597
4,512,sdpa_contig,80,0.023423999547958374,170765.03061786637
4,512,paged_minimal,80,0.06697600334882736,59722.88282367379
4,512,sdpa_contig,81,0.023552000522613525,169836.95275309577
4,512,paged_minimal,81,0.07235199958086014,55285.27232380945
4,512,sdpa_contig,82,0.024064000695943832,166223.39944804896
4,512,paged_minimal,82,0.0687360018491745,58193.666963305324
4,512,sdpa_contig,83,0.023264000192284584,171939.4758828529
4,512,paged_minimal,83,0.06831999868154526,58548.01049755419
4,512,sdpa_contig,84,0.025248000398278236,158428.3878684023
4,512,paged_minimal,84,0.06956800073385239,57497.69948546999
4,512,sdpa_contig,85,0.023679999634623528,168918.9215252956
4,512,paged_minimal,85,0.0703359991312027,56869.88241310851
4,512,sdpa_contig,86,0.023871999233961105,167560.32709273323
4,512,paged_minimal,86,0.0689919963479042,57977.73961822036
4,512,sdpa_contig,87,0.024288000538945198,164690.37842724437
4,512,paged_minimal,87,0.06972800195217133,57365.76250591159
4,512,sdpa_contig,88,0.02377600036561489,168236.8749364945
4,512,paged_minimal,88,0.06867200136184692,58247.901920364544
4,512,sdpa_contig,89,0.023584000766277313,169606.50737934114
4,512,paged_minimal,89,0.06774400174617767,59045.81803400317
4,512,sdpa_contig,90,0.023903999477624893,167336.01436630558
4,512,paged_minimal,90,0.06764800101518631,59129.6112223928
4,512,sdpa_contig,91,0.02393599972128868,167112.30141110002
4,512,paged_minimal,91,0.06844799965620041,58438.522967670935
4,512,sdpa_contig,92,0.025280000641942024,158227.84408334247
4,512,paged_minimal,92,0.06739199906587601,59354.226843604694
4,512,sdpa_contig,93,0.023584000766277313,169606.50737934114
4,512,paged_minimal,93,0.06723199784755707,59495.480248402935
4,512,sdpa_contig,94,0.023711999878287315,168690.95903052588
4,512,paged_minimal,94,0.06748799979686737,59269.79629029797
4,512,sdpa_contig,95,0.023104000836610794,173130.18763666102
4,512,paged_minimal,95,0.06639999896287918,60240.96479634275
4,512,sdpa_contig,96,0.023296000435948372,171703.2934901369
4,512,paged_minimal,96,0.06880000233650208,58139.5329092567
4,512,sdpa_contig,97,0.023391999304294586,170998.6370966432
4,512,paged_minimal,97,0.07385600358247757,54159.44278020758
4,512,sdpa_contig,98,0.023744000121951103,168463.61099459554
4,512,paged_minimal,98,0.07039999961853027,56818.18212605705
4,512,sdpa_contig,99,0.023072000592947006,173370.31454579538
4,512,paged_minimal,99,0.06774400174617767,59045.81803400317
4,2048,sdpa_contig,0,0.08198399841785431,48790.00874796182
4,2048,paged_minimal,0,0.2863680124282837,13968.040515704373
4,2048,sdpa_contig,1,0.07747200131416321,51631.55633193551
4,2048,paged_minimal,1,0.26124799251556396,15311.12243766504
4,2048,sdpa_contig,2,0.07545600086450577,53011.02568611724
4,2048,paged_minimal,2,0.2590399980545044,15441.630752168101
4,2048,sdpa_contig,3,0.07523199915885925,53168.86490751939
4,2048,paged_minimal,3,0.26009601354599,15378.936206927765
4,2048,sdpa_contig,4,0.0751039981842041,53259.48147513246
4,2048,paged_minimal,4,0.2567040026187897,15582.148931039756
4,2048,sdpa_contig,5,0.07561600208282471,52898.85592759411
4,2048,paged_minimal,5,0.25731199979782104,15545.330195027587
4,2048,sdpa_contig,6,0.07478400319814682,53487.37469163889
4,2048,paged_minimal,6,0.25727999210357666,15547.2641587678
4,2048,sdpa_contig,7,0.07542400062084198,53033.51674632168
4,2048,paged_minimal,7,0.25625601410865784,15609.389749986189
4,2048,sdpa_contig,8,0.07462400197982788,53602.056896938695
4,2048,paged_minimal,8,0.25577598810195923,15638.68457583865
4,2048,sdpa_contig,9,0.07497599720954895,53350.407448672915
4,2048,paged_minimal,9,0.2579520046710968,15506.760666970677
4,2048,sdpa_contig,10,0.0804160013794899,49741.344152685015
4,2048,paged_minimal,10,0.2581759989261627,15493.306955864567
4,2048,sdpa_contig,11,0.08086399734020233,49465.771314416095
4,2048,paged_minimal,11,0.25673601031303406,15580.206279293912
4,2048,sdpa_contig,12,0.07430399954319,53832.90300106869
4,2048,paged_minimal,12,0.2567040026187897,15582.148931039756
4,2048,sdpa_contig,13,0.07472000271081924,53533.188635990395
4,2048,paged_minimal,13,0.2566719949245453,15584.092067293486
4,2048,sdpa_contig,14,0.07459200173616409,53625.05237690516
4,2048,paged_minimal,14,0.2558079957962036,15636.72780262392
4,2048,sdpa_contig,15,0.07449600100517273,53694.15735110741
4,2048,paged_minimal,15,0.25542399287223816,15660.235966950766
4,2048,sdpa_contig,16,0.07449600100517273,53694.15735110741
4,2048,paged_minimal,16,0.25702399015426636,15562.749600141182
4,2048,sdpa_contig,17,0.07379200309515,54206.415766248545
4,2048,paged_minimal,17,0.2722879946231842,14690.328178205387
4,2048,sdpa_contig,18,0.07411199808120728,53972.36754590061
4,2048,paged_minimal,18,0.26179200410842896,15279.305468563054
4,2048,sdpa_contig,19,0.08054400235414505,49662.29493305217
4,2048,paged_minimal,19,0.25577598810195923,15638.68457583865
4,2048,sdpa_contig,20,0.07599999755620956,52631.58063974413
4,2048,paged_minimal,20,0.2550719976425171,15681.846839204954
4,2048,sdpa_contig,21,0.07478400319814682,53487.37469163889
4,2048,paged_minimal,21,0.2581759989261627,15493.306955864567
4,2048,sdpa_contig,22,0.07523199915885925,53168.86490751939
4,2048,paged_minimal,22,0.25622400641441345,15611.339686611764
4,2048,sdpa_contig,23,0.0745600014925003,53648.067595630935
4,2048,paged_minimal,23,0.25651198625564575,15593.81321079284
4,2048,sdpa_contig,24,0.07356800138950348,54371.46482778736
4,2048,paged_minimal,24,0.2568959891796112,15570.503894490012
4,2048,sdpa_contig,25,0.07487999647855759,53418.80593097288
4,2048,paged_minimal,25,0.25600001215934753,15624.999257852358
4,2048,sdpa_contig,26,0.07388799637556076,54135.99226143101
4,2048,paged_minimal,26,0.2574720084667206,15535.66938721037
4,2048,sdpa_contig,27,0.07401599735021591,54042.37115219162
4,2048,paged_minimal,27,0.25808000564575195,15499.069716739372
4,2048,sdpa_contig,28,0.07430399954319,53832.90300106869
4,2048,paged_minimal,28,0.25673601031303406,15580.206279293912
4,2048,sdpa_contig,29,0.07382400333881378,54182.91909261653
4,2048,paged_minimal,29,0.25596800446510315,15626.953096574738
4,2048,sdpa_contig,30,0.07500799745321274,53327.64686185702
4,2048,paged_minimal,30,0.2566399872303009,15586.035688236385
4,2048,sdpa_contig,31,0.07440000027418137,53763.44066208423
4,2048,paged_minimal,31,0.26531198620796204,15076.589856233037
4,2048,sdpa_contig,32,0.07436800003051758,53786.57484884041
4,2048,paged_minimal,32,0.25574401021003723,15640.640016221234
4,2048,sdpa_contig,33,0.07407999783754349,53995.681921751
4,2048,paged_minimal,33,0.2549760043621063,15687.750735631445
4,2048,sdpa_contig,34,0.07363200187683105,54324.20548189162
4,2048,paged_minimal,34,0.2561280131340027,15617.190603463021
4,2048,sdpa_contig,35,0.07427199929952621,53856.09701805235
4,2048,paged_minimal,35,0.25644800066947937,15597.703977249419
4,2048,sdpa_contig,36,0.07481600344181061,53464.4971127209
4,2048,paged_minimal,36,0.2559039890766144,15630.8622403008
4,2048,sdpa_contig,37,0.07411199808120728,53972.36754590061
4,2048,paged_minimal,37,0.2559039890766144,15630.8622403008
4,2048,sdpa_contig,38,0.07449600100517273,53694.15735110741
4,2048,paged_minimal,38,0.2556479871273041,15646.5147445426
4,2048,sdpa_contig,39,0.07401599735021591,54042.37115219162
4,2048,paged_minimal,39,0.2563520073890686,15603.544675697236
4,2048,sdpa_contig,40,0.08083199709653854,49485.35411320787
4,2048,paged_minimal,40,0.25596800446510315,15626.953096574738
4,2048,sdpa_contig,41,0.07468800246715546,53556.125051798335
4,2048,paged_minimal,41,0.2725119888782501,14678.25329984684
4,2048,sdpa_contig,42,0.07449600100517273,53694.15735110741
4,2048,paged_minimal,42,0.27184000611305237,14714.537632612055
4,2048,sdpa_contig,43,0.07443200051784515,53740.32636729944
4,2048,paged_minimal,43,0.25859200954437256,15468.382054990096
4,2048,sdpa_contig,44,0.07366400212049484,54300.60660371204
4,2048,paged_minimal,44,0.25622400641441345,15611.339686611764
4,2048,sdpa_contig,45,0.07468800246715546,53556.125051798335
4,2048,paged_minimal,45,0.26368001103401184,15169.902277818259
4,2048,sdpa_contig,46,0.07443200051784515,53740.32636729944
4,2048,paged_minimal,46,0.25782400369644165,15514.459253799905
4,2048,sdpa_contig,47,0.07449600100517273,53694.15735110741
4,2048,paged_minimal,47,0.2555519938468933,15652.392062323277
4,2048,sdpa_contig,48,0.07430399954319,53832.90300106869
4,2048,paged_minimal,48,0.2553600072860718,15664.159954064091
4,2048,sdpa_contig,49,0.07430399954319,53832.90300106869
4,2048,paged_minimal,49,0.2574079930782318,15539.53298872236
4,2048,sdpa_contig,50,0.08230400085449219,48600.31053741512
4,2048,paged_minimal,50,0.25548800826072693,15656.312119032913
4,2048,sdpa_contig,51,0.07472000271081924,53533.188635990395
4,2048,paged_minimal,51,0.2551040053367615,15679.879250502636
4,2048,sdpa_contig,52,0.07430399954319,53832.90300106869
4,2048,paged_minimal,52,0.25462400913238525,15709.437667051665
4,2048,sdpa_contig,53,0.07449600100517273,53694.15735110741
4,2048,paged_minimal,53,0.2621760070323944,15256.926235457393
4,2048,sdpa_contig,54,0.07529599964618683,53123.6721578285
4,2048,paged_minimal,54,0.2556160092353821,15648.472143685765
4,2048,sdpa_contig,55,0.07423999905586243,53879.31103003074
4,2048,paged_minimal,55,0.25679999589920044,15576.324236274859
4,2048,sdpa_contig,56,0.07436800003051758,53786.57484884041
4,2048,paged_minimal,56,0.2579199969768524,15508.685045304916
4,2048,sdpa_contig,57,0.07372800260782242,54253.47030323058
4,2048,paged_minimal,57,0.25519999861717224,15673.981276153669
4,2048,sdpa_contig,58,0.07427199929952621,53856.09701805235
4,2048,paged_minimal,58,0.2555840015411377,15650.431857551841
4,2048,sdpa_contig,59,0.07391999661922455,54112.55658742428
4,2048,paged_minimal,59,0.254720002412796,15703.517439190546
4,2048,sdpa_contig,60,0.07526399940252304,53146.25892529848
4,2048,paged_minimal,60,0.25625601410865784,15609.389749986189
4,2048,sdpa_contig,61,0.07571200281381607,52831.781637535445
4,2048,paged_minimal,61,0.25648000836372375,15595.75744526432
4,2048,sdpa_contig,62,0.07366400212049484,54300.60660371204
4,2048,paged_minimal,62,0.25651198625564575,15593.81321079284
4,2048,sdpa_contig,63,0.07440000027418137,53763.44066208423
4,2048,paged_minimal,63,0.2637760043144226,15164.381651759253
4,2048,sdpa_contig,64,0.07414399832487106,53949.07329482701
4,2048,paged_minimal,64,0.2555519938468933,15652.392062323277
4,2048,sdpa_contig,65,0.07478400319814682,53487.37469163889
4,2048,paged_minimal,65,0.26070401072502136,15343.070437911354
4,2048,sdpa_contig,66,0.07353600114583969,54395.125349106645
4,2048,paged_minimal,66,0.25593599677085876,15628.907423996427
4,2048,sdpa_contig,67,0.07433599978685379,53809.72895325737
4,2048,paged_minimal,67,0.2561599910259247,15615.241021753392
4,2048,sdpa_contig,68,0.07407999783754349,53995.681921751
4,2048,paged_minimal,68,0.2553279995918274,15666.123599426943
4,2048,sdpa_contig,69,0.07440000027418137,53763.44066208423
4,2048,paged_minimal,69,0.2552320063114166,15672.015660604391
4,2048,sdpa_contig,70,0.07465600222349167,53579.08113034933
4,2048,paged_minimal,70,0.2560639977455139,15621.094863852557
4,2048,sdpa_contig,71,0.07503999769687653,53304.905687203885
4,2048,paged_minimal,71,0.2619200050830841,15271.838433002295
4,2048,sdpa_contig,72,0.07395199686288834,54089.141195419674
4,2048,paged_minimal,72,0.25596800446510315,15626.953096574738
4,2048,sdpa_contig,73,0.07443200051784515,53740.32636729944
4,2048,paged_minimal,73,0.25571200251579285,15642.597768765112
4,2048,sdpa_contig,74,0.07548800110816956,52988.553694358015
4,2048,paged_minimal,74,0.2563199996948242,15605.493152162993
4,2048,sdpa_contig,75,0.07865600287914276,50854.351271143496
4,2048,paged_minimal,75,0.25545600056648254,15658.273797170006
4,2048,sdpa_contig,76,0.07411199808120728,53972.36754590061
4,2048,paged_minimal,76,0.2544640004634857,15719.315866740762
4,2048,sdpa_contig,77,0.07452800124883652,53671.10257854185
4,2048,paged_minimal,77,0.2570880055427551,15558.874446730182
4,2048,sdpa_contig,78,0.07497599720954895,53350.407448672915
4,2048,paged_minimal,78,0.25779199600219727,15516.385543505805
4,2048,sdpa_contig,79,0.07481600344181061,53464.4971127209
4,2048,paged_minimal,79,0.25593599677085876,15628.907423996427
4,2048,sdpa_contig,80,0.07388799637556076,54135.99226143101
4,2048,paged_minimal,80,0.2555519938468933,15652.392062323277
4,2048,sdpa_contig,81,0.07481600344181061,53464.4971127209
4,2048,paged_minimal,81,0.25648000836372375,15595.75744526432
4,2048,sdpa_contig,82,0.07465600222349167,53579.08113034933
4,2048,paged_minimal,82,0.2613759934902191,15303.624279288231
4,2048,sdpa_contig,83,0.07475200295448303,53510.271857673506
4,2048,paged_minimal,83,0.2584640085697174,15476.04257217519
4,2048,sdpa_contig,84,0.07427199929952621,53856.09701805235
4,2048,paged_minimal,84,0.26441600918769836,15127.67707329158
4,2048,sdpa_contig,85,0.07472000271081924,53533.188635990395
4,2048,paged_minimal,85,0.25596800446510315,15626.953096574738
4,2048,sdpa_contig,86,0.07436800003051758,53786.57484884041
4,2048,paged_minimal,86,0.25567999482154846,15644.55601147753
4,2048,sdpa_contig,87,0.07446400076150894,53717.23193884089
4,2048,paged_minimal,87,0.2553600072860718,15664.159954064091
4,2048,sdpa_contig,88,0.07385600358247757,54159.44278020758
4,2048,paged_minimal,88,0.26972800493240356,14829.754148081282
4,2048,sdpa_contig,89,0.0740479975938797,54019.016448469265
4,2048,paged_minimal,89,0.2592960000038147,15426.38528917204
4,2048,sdpa_contig,90,0.07417599856853485,53925.79914248412
4,2048,paged_minimal,90,0.2555519938468933,15652.392062323277
4,2048,sdpa_contig,91,0.0753600001335144,53078.556169231
4,2048,paged_minimal,91,0.2637760043144226,15164.381651759253
4,2048,sdpa_contig,92,0.07372800260782242,54253.47030323058
4,2048,paged_minimal,92,0.2574400007724762,15537.600947784234
4,2048,sdpa_contig,93,0.07430399954319,53832.90300106869
4,2048,paged_minimal,93,0.25484800338745117,15695.630127887287
4,2048,sdpa_contig,94,0.07500799745321274,53327.64686185702
4,2048,paged_minimal,94,0.25603199005126953,15623.047726180675
4,2048,sdpa_contig,95,0.07430399954319,53832.90300106869
4,2048,paged_minimal,95,0.25830399990081787,15485.6293419223
4,2048,sdpa_contig,96,0.07388799637556076,54135.99226143101
4,2048,paged_minimal,96,0.25593599677085876,15628.907423996427
4,2048,sdpa_contig,97,0.0740479975938797,54019.016448469265
4,2048,paged_minimal,97,0.2556160092353821,15648.472143685765
4,2048,sdpa_contig,98,0.07459200173616409,53625.05237690516
4,2048,paged_minimal,98,0.2558079957962036,15636.72780262392
4,2048,sdpa_contig,99,0.07446400076150894,53717.23193884089
4,2048,paged_minimal,99,0.2561280131340027,15617.190603463021
4,8192,sdpa_contig,0,0.27398398518562317,14599.39345465763
4,8192,paged_minimal,0,1.0005760192871094,3997.69724928039
4,8192,sdpa_contig,1,0.24860799312591553,16089.587264292308
4,8192,paged_minimal,1,0.9310399889945984,4296.270887697829
4,8192,sdpa_contig,2,0.24854399263858795,16093.730359504074
4,8192,paged_minimal,2,0.9301120042800903,4300.557332443002
4,8192,sdpa_contig,3,0.24934400618076324,16042.094058199173
4,8192,paged_minimal,3,0.9230080246925354,4333.656797114463
4,8192,sdpa_contig,4,0.2487040013074875,16083.376137783014
4,8192,paged_minimal,4,0.9227839708328247,4334.7090179621855
4,8192,sdpa_contig,5,0.24835200607776642,16106.171490909885
4,8192,paged_minimal,5,0.9228799939155579,4334.258003609941
4,8192,sdpa_contig,6,0.2507840096950531,15949.980243413034
4,8192,paged_minimal,6,0.923520028591156,4331.2541971635
4,8192,sdpa_contig,7,0.25491198897361755,15691.690359899021
4,8192,paged_minimal,7,0.921504020690918,4340.729839681992
4,8192,sdpa_contig,8,0.24991999566555023,16005.12191650687
4,8192,paged_minimal,8,0.9308159947395325,4297.304754759085
4,8192,sdpa_contig,9,0.2504960000514984,15968.318852108045
4,8192,paged_minimal,9,0.9224960207939148,4336.062064048294
4,8192,sdpa_contig,10,0.24982400238513947,16011.271782578471
4,8192,paged_minimal,10,0.9217600226402283,4339.524281539858
4,8192,sdpa_contig,11,0.251008003950119,15935.746817041303
4,8192,paged_minimal,11,0.9225599765777588,4335.7614697724275
4,8192,sdpa_contig,12,0.2515519857406616,15901.285725185306
4,8192,paged_minimal,12,0.9262080192565918,4318.684266208951
4,8192,sdpa_contig,13,0.24848000705242157,16097.874623595468
4,8192,paged_minimal,13,0.9207680225372314,4344.199518330101
4,8192,sdpa_contig,14,0.25113600492477417,15927.62456023846
4,8192,paged_minimal,14,0.9247360229492188,4325.558754857393
4,8192,sdpa_contig,15,0.2515200078487396,15903.307391774337
4,8192,paged_minimal,15,0.9359359741210938,4273.796617077644
4,8192,sdpa_contig,16,0.25123199820518494,15921.538771240199
4,8192,paged_minimal,16,0.9418879747390747,4246.789541089634
4,8192,sdpa_contig,17,0.24931199848651886,16044.153607858923
4,8192,paged_minimal,17,0.9329280257225037,4287.576200642285
4,8192,sdpa_contig,18,0.24883200228214264,16075.102733226926
4,8192,paged_minimal,18,0.9231680035591125,4332.905803254338
4,8192,sdpa_contig,19,0.24828800559043884,16110.323132556643
4,8192,paged_minimal,19,0.9445440173149109,4234.847637245052
4,8192,sdpa_contig,20,0.24751999974250793,16160.310294768713
4,8192,paged_minimal,20,0.9504640102386475,4208.470764711711
4,8192,sdpa_contig,21,0.25920000672340393,15432.098365138
4,8192,paged_minimal,21,0.9262719750404358,4318.386076427912
4,8192,sdpa_contig,22,0.24924799799919128,16048.273334628664
4,8192,paged_minimal,22,0.9334719777107239,4285.077747925252
4,8192,sdpa_contig,23,0.25119999051094055,15923.567480492351
4,8192,paged_minimal,23,0.9236800074577332,4330.504035709614
4,8192,sdpa_contig,24,0.2508479952812195,15945.911768263082
4,8192,paged_minimal,24,0.9239360094070435,4329.304150151144
4,8192,sdpa_contig,25,0.2742080092430115,14587.465957112428
4,8192,paged_minimal,25,0.9251199960708618,4323.7634220302925
4,8192,sdpa_contig,26,0.24851199984550476,16095.802224788842
4,8192,paged_minimal,26,0.9193919897079468,4350.701381758434
4,8192,sdpa_contig,27,0.24499200284481049,16327.063551269423
4,8192,paged_minimal,27,0.9237759709358215,4330.054175308156
4,8192,sdpa_contig,28,0.24400000274181366,16393.44243873867
4,8192,paged_minimal,28,0.9230719804763794,4333.356536221237
4,8192,sdpa_contig,29,0.24454399943351746,16356.974651866089
4,8192,paged_minimal,29,0.9385600090026855,4261.8478963858715
4,8192,sdpa_contig,30,0.2420479953289032,16525.64812430965
4,8192,paged_minimal,30,0.9396799802780151,4256.7683508768105
4,8192,sdpa_contig,31,0.2423039972782135,16508.188246713897
4,8192,paged_minimal,31,0.9547520279884338,4189.569524589119
4,8192,sdpa_contig,32,0.25459200143814087,15711.412681485574
4,8192,paged_minimal,32,0.940608024597168,4252.568440199168
4,8192,sdpa_contig,33,0.24393600225448608,16397.74351892101
4,8192,paged_minimal,33,0.9343680143356323,4280.968460638218
4,8192,sdpa_contig,34,0.24323199689388275,16445.204788353236
4,8192,paged_minimal,34,0.9255040287971497,4321.969300553647
4,8192,sdpa_contig,35,0.24214400351047516,16519.09583557769
4,8192,paged_minimal,35,0.9485120177268982,4217.13159690477
4,8192,sdpa_contig,36,0.24579200148582458,16273.922567942836
4,8192,paged_minimal,36,0.9287359714508057,4306.92911974916
4,8192,sdpa_contig,37,0.2457599937915802,16276.042077834074
4,8192,paged_minimal,37,0.9429439902305603,4242.033505109837
4,8192,sdpa_contig,38,0.24460799992084503,16352.694929415216
4,8192,paged_minimal,38,0.940671980381012,4252.279310349853
4,8192,sdpa_contig,39,0.24406400322914124,16389.143614286175
4,8192,paged_minimal,39,0.9438719749450684,4237.86287354574
4,8192,sdpa_contig,40,0.24553599953651428,16290.890164988412
4,8192,paged_minimal,40,0.925216019153595,4323.314682401711
4,8192,sdpa_contig,41,0.24534399807453156,16303.63910017014
4,8192,paged_minimal,41,0.9338560104370117,4283.315581090645
4,8192,sdpa_contig,42,0.2486719936132431,16085.446301689917
4,8192,paged_minimal,42,0.9377599954605103,4265.483726500512
4,8192,sdpa_contig,43,0.24726399779319763,16177.041687020892
4,8192,paged_minimal,43,0.9226880073547363,4335.159846140887
4,8192,sdpa_contig,44,0.24620799720287323,16246.425970899862
4,8192,paged_minimal,44,0.9306240081787109,4298.191283317791
4,8192,sdpa_contig,45,0.244159996509552,16382.700103141231
4,8192,paged_minimal,45,0.9252480268478394,4323.165123223565
4,8192,sdpa_contig,46,0.24607999622821808,16254.876712084892
4,8192,paged_minimal,46,0.9247679710388184,4325.409319168662
4,8192,sdpa_contig,47,0.24719999730587006,16181.229949815275
4,8192,paged_minimal,47,0.9237120151519775,4330.353978714766
4,8192,sdpa_contig,48,0.24585600197315216,16269.68618987307
4,8192,paged_minimal,48,0.9301440119743347,4300.409343612881
4,8192,sdpa_contig,49,0.24499200284481049,16327.063551269423
4,8192,paged_minimal,49,0.9251199960708618,4323.7634220302925
4,8192,sdpa_contig,50,0.2468159943819046,16206.40514006033
4,8192,paged_minimal,50,0.9242560267448425,4327.805158152647
4,8192,sdpa_contig,51,0.2462719976902008,16242.203894540304
4,8192,paged_minimal,51,0.9467840194702148,4224.828385082219
4,8192,sdpa_contig,52,0.24614399671554565,16250.650242843696
4,8192,paged_minimal,52,0.9312639832496643,4295.237517982731
4,8192,sdpa_contig,53,0.24697600305080414,16195.905474983256
4,8192,paged_minimal,53,0.9237759709358215,4330.054175308156
4,8192,sdpa_contig,54,0.24819199740886688,16116.555093476582
4,8192,paged_minimal,54,0.9236479997634888,4330.654103104482
4,8192,sdpa_contig,55,0.24089600145816803,16604.675776217093
4,8192,paged_minimal,55,0.9229120016098022,4334.10768634815
4,8192,sdpa_contig,56,0.24639999866485596,16233.766321730585
4,8192,paged_minimal,56,0.9207680225372314,4344.199518330101
4,8192,sdpa_contig,57,0.24083200097084045,16609.088426269038
4,8192,paged_minimal,57,0.9220479726791382,4338.169074194096
4,8192,sdpa_contig,58,0.24931199848651886,16044.153607858923
4,8192,paged_minimal,58,0.9236159920692444,4330.80418090045
4,8192,sdpa_contig,59,0.24499200284481049,16327.063551269423
4,8192,paged_minimal,59,0.9228159785270691,4334.558669415874
4,8192,sdpa_contig,60,0.24969600141048431,16019.47959680882
4,8192,paged_minimal,60,0.9222720265388489,4337.11517307037
4,8192,sdpa_contig,61,0.2529599964618683,15812.776944764735
4,8192,paged_minimal,61,0.9214720129966736,4340.880616647051
4,8192,sdpa_contig,62,0.24803200364112854,16126.95112436983
4,8192,paged_minimal,62,0.9207680225372314,4344.199518330101
4,8192,sdpa_contig,63,0.24614399671554565,16250.650242843696
4,8192,paged_minimal,63,0.9264320135116577,4317.640087628153
4,8192,sdpa_contig,64,0.24777600169181824,16143.61347623636
4,8192,paged_minimal,64,0.9203519821166992,4346.163291570774
4,8192,sdpa_contig,65,0.24489599466323853,16333.464356983386
4,8192,paged_minimal,65,0.9231680035591125,4332.905803254338
4,8192,sdpa_contig,66,0.2436479926109314,16417.12684408358
4,8192,paged_minimal,66,0.921343982219696,4341.48382926779
4,8192,sdpa_contig,67,0.24460799992084503,16352.694929415216
4,8192,paged_minimal,67,0.9198399782180786,4348.582465124893
4,8192,sdpa_contig,68,0.24422399699687958,16378.40690999381
4,8192,paged_minimal,68,0.9218559861183167,4339.072545206226
4,8192,sdpa_contig,69,0.24899199604988098,16064.773420261563
4,8192,paged_minimal,69,0.9208639860153198,4343.746808156156
4,8192,sdpa_contig,70,0.24540799856185913,16299.38723856115
4,8192,paged_minimal,70,0.931007981300354,4296.418591828971
4,8192,sdpa_contig,71,0.24639999866485596,16233.766321730585
4,8192,paged_minimal,71,0.9223359823226929,4336.814432769837
4,8192,sdpa_contig,72,0.24326400458812714,16443.040994792642
4,8192,paged_minimal,72,0.9464960098266602,4226.113959775228
4,8192,sdpa_contig,73,0.245728000998497,16278.161152763645
4,8192,paged_minimal,73,0.926751971244812,4316.149438157877
4,8192,sdpa_contig,74,0.23443199694156647,17062.517285117112
4,8192,paged_minimal,74,0.9235519766807556,4331.104367700012
4,8192,sdpa_contig,75,0.24700799584388733,16193.807760490712
4,8192,paged_minimal,75,0.9214720129966736,4340.880616647051
4,8192,sdpa_contig,76,0.24211199581623077,16521.2796933701
4,8192,paged_minimal,76,0.9248639941215515,4324.960237855572
4,8192,sdpa_contig,77,0.2433280050754547,16438.716122131613
4,8192,paged_minimal,77,0.9232320189476013,4332.605366698209
4,8192,sdpa_contig,78,0.24249599874019623,16495.117530930867
4,8192,paged_minimal,78,0.9211199879646301,4342.5395738493025
4,8192,sdpa_contig,79,0.24102400243282318,16595.857506411034
4,8192,paged_minimal,79,0.920415997505188,4345.861013761284
4,8192,sdpa_contig,80,0.24294400215148926,16464.699538067933
4,8192,paged_minimal,80,0.9224640130996704,4336.2125169080255
4,8192,sdpa_contig,81,0.2425920069217682,16488.58942533062
4,8192,paged_minimal,81,0.9282240271568298,4309.304524525277
4,8192,sdpa_contig,82,0.24169600009918213,16549.715338104743
4,8192,paged_minimal,82,0.9231680035591125,4332.905803254338
4,8192,sdpa_contig,83,0.24191999435424805,16534.391920259077
4,8192,paged_minimal,83,0.924127995967865,4328.404742040834
4,8192,sdpa_contig,84,0.24128000438213348,16578.249035775447
4,8192,paged_minimal,84,0.9203839898109436,4346.012147409954
4,8192,sdpa_contig,85,0.24233600497245789,16506.007848295634
4,8192,paged_minimal,85,1.037343978881836,3856.001559204732
4,8192,sdpa_contig,86,0.24208000302314758,16523.46311156284
4,8192,paged_minimal,86,1.099679946899414,3637.42197107271
4,8192,sdpa_contig,87,0.24201600253582,16527.832697376998
4,8192,paged_minimal,87,0.9288319945335388,4306.483867417603
4,8192,sdpa_contig,88,0.2481279969215393,16120.712090642646
4,8192,paged_minimal,88,0.9279999732971191,4310.3449516149
4,8192,sdpa_contig,89,0.2417919933795929,16543.14497387157
4,8192,paged_minimal,89,0.9228799939155579,4334.258003609941
4,8192,sdpa_contig,90,0.24262399971485138,16486.415213256227
4,8192,paged_minimal,90,0.927232027053833,4313.914838241204
4,8192,sdpa_contig,91,0.2423039972782135,16508.188246713897
4,8192,paged_minimal,91,0.9196799993515015,4349.338903553997
4,8192,sdpa_contig,92,0.24265600740909576,16484.24056222258
4,8192,paged_minimal,92,0.9498879909515381,4211.022813324602
4,8192,sdpa_contig,93,0.24262399971485138,16486.415213256227
4,8192,paged_minimal,93,0.925823986530304,4320.475660811876
4,8192,sdpa_contig,94,0.24223999679088593,16512.54975640132
4,8192,paged_minimal,94,0.9215999841690063,4340.2778523338875
4,8192,sdpa_contig,95,0.24268800020217896,16482.067496817614
4,8192,paged_minimal,95,0.9337279796600342,4283.902900131986
4,8192,sdpa_contig,96,0.24278399348258972,16475.55072565706
4,8192,paged_minimal,96,0.9302719831466675,4299.817765627965
4,8192,sdpa_contig,97,0.24220800399780273,16514.730867590515
4,8192,paged_minimal,97,0.9220160245895386,4338.319392855144
4,8192,sdpa_contig,98,0.2441920042037964,16380.552725476231
4,8192,paged_minimal,98,0.9223999977111816,4336.5134539521805
4,8192,sdpa_contig,99,0.24371199309825897,16412.815590849044
4,8192,paged_minimal,99,0.9231680035591125,4332.905803254338
16,512,sdpa_contig,0,0.09987200051546097,160205.06165312143
16,512,paged_minimal,0,0.1512639969587326,105775.33531898588
16,512,sdpa_contig,1,0.08271999657154083,193423.60569565927
16,512,paged_minimal,1,0.13548800349235535,118091.63606800634
16,512,sdpa_contig,2,0.07763200253248215,206100.5703582799
16,512,paged_minimal,2,0.13174399733543396,121447.65851655716
16,512,sdpa_contig,3,0.07583999633789062,210970.4743222172
16,512,paged_minimal,3,0.1324480026960373,120802.1236584393
16,512,sdpa_contig,4,0.0764480009675026,209292.58839353386
16,512,paged_minimal,4,0.13072000443935394,122399.01665106673
16,512,sdpa_contig,5,0.07727999985218048,207039.33787014047
16,512,paged_minimal,5,0.13129599392414093,121862.0577962519
16,512,sdpa_contig,6,0.07574400305747986,211237.84529658512
16,512,paged_minimal,6,0.1350719928741455,118455.34858516627
16,512,sdpa_contig,7,0.07529599964618683,212494.688631314
16,512,paged_minimal,7,0.1308159977197647,122309.19978361786
16,512,sdpa_contig,8,0.07631999999284744,209643.60588966834
16,512,paged_minimal,8,0.13142399489879608,121743.36971205985
16,512,sdpa_contig,9,0.07577600330114365,211148.6394500635
16,512,paged_minimal,9,0.131071999669075,122070.31280819791
16,512,sdpa_contig,10,0.07539200037717819,212224.1075970089
16,512,paged_minimal,10,0.13040000200271606,122699.38461861941
16,512,sdpa_contig,11,0.07606399804353714,210349.1850486481
16,512,paged_minimal,11,0.1367039978504181,117041.20034226977
16,512,sdpa_contig,12,0.07680000364780426,208333.32343803145
16,512,paged_minimal,12,0.13148799538612366,121684.11232534867
16,512,sdpa_contig,13,0.07529599964618683,212494.688631314
16,512,paged_minimal,13,0.1297599971294403,123304.56499655606
16,512,sdpa_contig,14,0.07532799988985062,212404.41832248587
16,512,paged_minimal,14,0.1303039938211441,122789.78971252161
16,512,sdpa_contig,15,0.078015998005867,205086.14141931196
16,512,paged_minimal,15,0.13120000064373016,121951.21891384391
16,512,sdpa_contig,16,0.07532799988985062,212404.41832248587
16,512,paged_minimal,16,0.13305599987506866,120250.12036302766
16,512,sdpa_contig,17,0.07500799745321274,213310.5874474281
16,512,paged_minimal,17,0.13062399625778198,122488.97950132033
16,512,sdpa_contig,18,0.07519999891519547,212765.9605160835
16,512,paged_minimal,18,0.13247999548912048,120772.95097216358
16,512,sdpa_contig,19,0.07529599964618683,212494.688631314
16,512,paged_minimal,19,0.1311360001564026,122010.73679933202
16,512,sdpa_contig,20,0.07526399940252304,212585.03570119393
16,512,paged_minimal,20,0.12998400628566742,123092.06691811458
16,512,sdpa_contig,21,0.07657600194215775,208942.7443872784
16,512,paged_minimal,21,0.1297599971294403,123304.56499655606
16,512,sdpa_contig,22,0.07529599964618683,212494.688631314
16,512,paged_minimal,22,0.13068799674510956,122428.99423430585
16,512,sdpa_contig,23,0.07577600330114365,211148.6394500635
16,512,paged_minimal,23,0.1326719969511032,120598.16967929459
16,512,sdpa_contig,24,0.07580800354480743,211059.50891508395
16,512,paged_minimal,24,0.13264000415802002,120627.25797971537
16,512,sdpa_contig,25,0.07827199995517731,204415.37215303618
16,512,paged_minimal,25,0.13014400005340576,122940.74251163524
16,512,sdpa_contig,26,0.07552000135183334,211864.4029872171
16,512,paged_minimal,26,0.13052800297737122,122579.06069990066
16,512,sdpa_contig,27,0.07532799988985062,212404.41832248587
16,512,paged_minimal,27,0.13523200154304504,118315.19032059226
16,512,sdpa_contig,28,0.07539200037717819,212224.1075970089
16,512,paged_minimal,28,0.13023999333381653,122850.12913806435
16,512,sdpa_contig,29,0.07561600208282471,211595.42371037643
16,512,paged_minimal,29,0.13120000064373016,121951.21891384391
16,512,sdpa_contig,30,0.07683199644088745,208246.5735783657
16,512,paged_minimal,30,0.13046400249004364,122639.19314617869
16,512,sdpa_contig,31,0.07468800246715546,214224.50020719334
16,512,paged_minimal,31,0.13052800297737122,122579.06069990066
16,512,sdpa_contig,32,0.07519999891519547,212765.9605160835
16,512,paged_minimal,32,0.1305599957704544,122549.02357786981
16,512,sdpa_contig,33,0.07651200145483017,209117.52007227
16,512,paged_minimal,33,0.12985600531101227,123213.40057919633
16,512,sdpa_contig,34,0.0843840017914772,189609.40060105093
16,512,paged_minimal,34,0.13011200726032257,122970.97198714243
16,512,sdpa_contig,35,0.07609599828720093,210260.72802952034
16,512,paged_minimal,35,0.13116799294948578,121980.97752522427
16,512,sdpa_contig,36,0.07555200159549713,211774.6672770294
16,512,paged_minimal,36,0.1303360015153885,122759.63520417584
16,512,sdpa_contig,37,0.07542400062084198,212134.0669852867
16,512,paged_minimal,37,0.130048006772995,123031.48965542212
16,512,sdpa_contig,38,0.07555200159549713,211774.6672770294
16,512,paged_minimal,38,0.1305920034646988,122518.98719300273
16,512,sdpa_contig,39,0.07542400062084198,212134.0669852867
16,512,paged_minimal,39,0.1287360042333603,124285.35509768296
16,512,sdpa_contig,40,0.07638400048017502,209467.95008665064
16,512,paged_minimal,40,0.13196800649166107,121241.50713007114
16,512,sdpa_contig,41,0.07558400183916092,211685.00755023822
16,512,paged_minimal,41,0.1329279989004135,120365.91336928813
16,512,sdpa_contig,42,0.0759039968252182,210792.58891784985
16,512,paged_minimal,42,0.13011200726032257,122970.97198714243
16,512,sdpa_contig,43,0.07494399696588516,213492.7498900715
16,512,paged_minimal,43,0.1297599971294403,123304.56499655606
16,512,sdpa_contig,44,0.0772479996085167,207125.10461223617
16,512,paged_minimal,44,0.12982399761676788,123243.77845173875
16,512,sdpa_contig,45,0.07583999633789062,210970.4743222172
16,512,paged_minimal,45,0.13014400005340576,122940.74251163524
16,512,sdpa_contig,46,0.07596799731254578,210615.0032384449
16,512,paged_minimal,46,0.13100799918174744,122129.94702562547
16,512,sdpa_contig,47,0.07487999647855759,213675.2237238915
16,512,paged_minimal,47,0.13228799402713776,120948.23961664832
16,512,sdpa_contig,48,0.07593599706888199,210703.7586598923
16,512,paged_minimal,48,0.13225600123405457,120977.49705652044
16,512,sdpa_contig,49,0.07561600208282471,211595.42371037643
16,512,paged_minimal,49,0.13177600502967834,121418.15952302174
16,512,sdpa_contig,50,0.07635200023651123,209555.7411781972
16,512,paged_minimal,50,0.12995199859142303,123122.38498389679
16,512,sdpa_contig,51,0.07545600086450577,212044.10274446895
16,512,paged_minimal,51,0.13097600638866425,122159.7790401462
16,512,sdpa_contig,52,0.07545600086450577,212044.10274446895
16,512,paged_minimal,52,0.1502079963684082,106518.96295026492
16,512,sdpa_contig,53,0.07574400305747986,211237.84529658512
16,512,paged_minimal,53,0.13583999872207642,117785.63126119727
16,512,sdpa_contig,54,0.07711999863386154,207468.88334324714
16,512,paged_minimal,54,0.13100799918174744,122129.94702562547
16,512,sdpa_contig,55,0.07580800354480743,211059.50891508395
16,512,paged_minimal,55,0.15244799852371216,104953.82133541962
16,512,sdpa_contig,56,0.07577600330114365,211148.6394500635
16,512,paged_minimal,56,0.15302400290966034,104558.760036135
16,512,sdpa_contig,57,0.07526399940252304,212585.03570119393
16,512,paged_minimal,57,0.13782399892807007,116090.0868095574
16,512,sdpa_contig,58,0.07558400183916092,211685.00755023822
16,512,paged_minimal,58,0.1327359974384308,120540.02161261156
16,512,sdpa_contig,59,0.07593599706888199,210703.7586598923
16,512,paged_minimal,59,0.13072000443935394,122399.01665106673
16,512,sdpa_contig,60,0.07475200295448303,214041.08743069402
16,512,paged_minimal,60,0.13062399625778198,122488.97950132033
16,512,sdpa_contig,61,0.0751039981842041,213037.92590052984
16,512,paged_minimal,61,0.12998400628566742,123092.06691811458
16,512,sdpa_contig,62,0.0753600001335144,212314.224676924
16,512,paged_minimal,62,0.12985600531101227,123213.40057919633
16,512,sdpa_contig,63,0.07519999891519547,212765.9605160835
16,512,paged_minimal,63,0.14880000054836273,107526.88132416845
16,512,sdpa_contig,64,0.07622399926185608,209907.64267083924
16,512,paged_minimal,64,0.13574400544166565,117868.92502502298
16,512,sdpa_contig,65,0.07596799731254578,210615.0032384449
16,512,paged_minimal,65,0.1316159963607788,121565.77044131966
16,512,sdpa_contig,66,0.0751039981842041,213037.92590052984
16,512,paged_minimal,66,0.14287999272346497,111982.08856971998
16,512,sdpa_contig,67,0.07532799988985062,212404.41832248587
16,512,paged_minimal,67,0.13251200318336487,120743.77879458839
16,512,sdpa_contig,68,0.07516799867153168,212856.53845749746
16,512,paged_minimal,68,0.13068799674510956,122428.99423430585
16,512,sdpa_contig,69,0.07519999891519547,212765.9605160835
16,512,paged_minimal,69,0.13766400516033173,116225.00726580956
16,512,sdpa_contig,70,0.0756480023264885,211505.91566114002
16,512,paged_minimal,70,0.14403200149536133,111086.42408552028
16,512,sdpa_contig,71,0.07545600086450577,212044.10274446895
16,512,paged_minimal,71,0.13177600502967834,121418.15952302174
16,512,sdpa_contig,72,0.0751039981842041,213037.92590052984
16,512,paged_minimal,72,0.1295360028743744,123517.78382043328
16,512,sdpa_contig,73,0.07638400048017502,209467.95008665064
16,512,paged_minimal,73,0.13120000064373016,121951.21891384391
16,512,sdpa_contig,74,0.07612799853086472,210172.34537583555
16,512,paged_minimal,74,0.12985600531101227,123213.40057919633
16,512,sdpa_contig,75,0.07516799867153168,212856.53845749746
16,512,paged_minimal,75,0.12943999469280243,123609.39938210371
16,512,sdpa_contig,76,0.07446400076150894,214868.92775536355
16,512,paged_minimal,76,0.14057600498199463,113817.43279764797
16,512,sdpa_contig,77,0.07574400305747986,211237.84529658512
16,512,paged_minimal,77,0.13276800513267517,120510.9618391207
16,512,sdpa_contig,78,0.07574400305747986,211237.84529658512
16,512,paged_minimal,78,0.13036799430847168,122729.5095308548
16,512,sdpa_contig,79,0.07542400062084198,212134.0669852867
16,512,paged_minimal,79,0.13040000200271606,122699.38461861941
16,512,sdpa_contig,80,0.07513599842786789,212947.19355277257
16,512,paged_minimal,80,0.13075199723243713,122369.06769046812
16,512,sdpa_contig,81,0.07593599706888199,210703.7586598923
16,512,paged_minimal,81,0.1316480040550232,121536.21404934244
16,512,sdpa_contig,82,0.07462400197982788,214408.22758775478
16,512,paged_minimal,82,0.13308799266815186,120221.21364393245
16,512,sdpa_contig,83,0.07545600086450577,212044.10274446895
16,512,paged_minimal,83,0.12985600531101227,123213.40057919633
16,512,sdpa_contig,84,0.07635200023651123,209555.7411781972
16,512,paged_minimal,84,0.13036799430847168,122729.5095308548
16,512,sdpa_contig,85,0.07568000257015228,211416.483306388
16,512,paged_minimal,85,0.13007999956607819,123001.23042260853
16,512,sdpa_contig,86,0.07539200037717819,212224.1075970089
16,512,paged_minimal,86,0.12960000336170197,123456.786921104
16,512,sdpa_contig,87,0.07526399940252304,212585.03570119393
16,512,paged_minimal,87,0.13593600690364838,117702.44223328424
16,512,sdpa_contig,88,0.07519999891519547,212765.9605160835
16,512,paged_minimal,88,0.13040000200271606,122699.38461861941
16,512,sdpa_contig,89,0.07507199794054031,213128.73559955828
16,512,paged_minimal,89,0.13196800649166107,121241.50713007114
16,512,sdpa_contig,90,0.07571200281381607,211327.12655014178
16,512,paged_minimal,90,0.12982399761676788,123243.77845173875
16,512,sdpa_contig,91,0.0751039981842041,213037.92590052984
16,512,paged_minimal,91,0.1363839954137802,117315.81811675949
16,512,sdpa_contig,92,0.07481600344181061,213857.9884508836
16,512,paged_minimal,92,0.1308159977197647,122309.19978361786
16,512,sdpa_contig,93,0.0756480023264885,211505.91566114002
16,512,paged_minimal,93,0.1435839980840683,111433.03023664249
16,512,sdpa_contig,94,0.07737600058317184,206782.46328849113
16,512,paged_minimal,94,0.13065600395202637,122458.97253887239
16,512,sdpa_contig,95,0.07622399926185608,209907.64267083924
16,512,paged_minimal,95,0.13097600638866425,122159.7790401462
16,512,sdpa_contig,96,0.07500799745321274,213310.5874474281
16,512,paged_minimal,96,0.13023999333381653,122850.12913806435
16,512,sdpa_contig,97,0.07545600086450577,212044.10274446895
16,512,paged_minimal,97,0.1292479932308197,123793.02455726435
16,512,sdpa_contig,98,0.07519999891519547,212765.9605160835
16,512,paged_minimal,98,0.13007999956607819,123001.23042260853
16,512,sdpa_contig,99,0.07487999647855759,213675.2237238915
16,512,paged_minimal,99,0.13065600395202637,122458.97253887239
16,2048,sdpa_contig,0,0.2733759880065918,58527.451941441905
16,2048,paged_minimal,0,0.6367679834365845,25126.89145212565
16,2048,sdpa_contig,1,0.2513599991798401,63653.723950534026
16,2048,paged_minimal,1,0.5864319801330566,27283.64165332479
16,2048,sdpa_contig,2,0.2478400021791458,64557.77864476754
16,2048,paged_minimal,2,0.5847679972648621,27361.278446900087
16,2048,sdpa_contig,3,0.25036799907684326,63905.930705981555
16,2048,paged_minimal,3,0.5831680297851562,27436.346272093357
16,2048,sdpa_contig,4,0.2476159930229187,64616.18171213634
16,2048,paged_minimal,4,0.5834559798240662,27422.805752757216
16,2048,sdpa_contig,5,0.24991999566555023,64020.48766602748
16,2048,paged_minimal,5,0.5854399800300598,27329.872481852828
16,2048,sdpa_contig,6,0.2473600059747696,64683.05147773962
16,2048,paged_minimal,6,0.5822719931602478,27478.56704074142
16,2048,sdpa_contig,7,0.25145599246025085,63629.424152734064
16,2048,paged_minimal,7,0.5850239992141724,27349.30536438136
16,2048,sdpa_contig,8,0.2512640058994293,63678.04231539692
16,2048,paged_minimal,8,0.5931519865989685,26974.536647413504
16,2048,sdpa_contig,9,0.2494720071554184,64135.452239465776
16,2048,paged_minimal,9,0.5811840295791626,27530.006307271822
16,2048,sdpa_contig,10,0.2520639896392822,63475.945226832686
16,2048,paged_minimal,10,0.5874879956245422,27234.599037195378
16,2048,sdpa_contig,11,0.2513920068740845,63645.619440931434
16,2048,paged_minimal,11,0.5813440084457397,27522.430381241942
16,2048,sdpa_contig,12,0.248416006565094,64408.08795389527
16,2048,paged_minimal,12,0.5832639932632446,27431.832214574435
16,2048,sdpa_contig,13,0.2494720071554184,64135.452239465776
16,2048,paged_minimal,13,0.5814399719238281,27517.88795507181
16,2048,sdpa_contig,14,0.2510719895362854,63726.74239588025
16,2048,paged_minimal,14,0.579039990901947,27631.94295972106
16,2048,sdpa_contig,15,0.25228801369667053,63419.58052449145
16,2048,paged_minimal,15,0.5809280276298523,27542.138163446743
16,2048,sdpa_contig,16,0.24819199740886688,64466.220373906326
16,2048,paged_minimal,16,0.583840012550354,27404.76784060781
16,2048,sdpa_contig,17,0.24844799935817719,64399.79408702528
16,2048,paged_minimal,17,0.5824959874153137,27468.00037369556
16,2048,sdpa_contig,18,0.25046399235725403,63881.43800398302
16,2048,paged_minimal,18,0.5835520029067993,27418.29334883699
16,2048,sdpa_contig,19,0.24937599897384644,64160.14398273354
16,2048,paged_minimal,19,0.5924800038337708,27005.130800142655
16,2048,sdpa_contig,20,0.2508479952812195,63783.64707305233
16,2048,paged_minimal,20,0.5937600135803223,26946.91396195807
16,2048,sdpa_contig,21,0.2516480088233948,63580.872643537245
16,2048,paged_minimal,21,0.5836160182952881,27415.285904480766
16,2048,sdpa_contig,22,0.25017601251602173,63954.97249751445
16,2048,paged_minimal,22,0.6008639931678772,26628.322185932204
16,2048,sdpa_contig,23,0.248416006565094,64408.08795389527
16,2048,paged_minimal,23,0.5980799794197083,26752.274863847015
16,2048,sdpa_contig,24,0.24937599897384644,64160.14398273354
16,2048,paged_minimal,24,0.5870720148086548,27253.89661984638
16,2048,sdpa_contig,25,0.25273600220680237,63307.16581845719
16,2048,paged_minimal,25,0.5875200033187866,27233.115314574996
16,2048,sdpa_contig,26,0.2513599991798401,63653.723950534026
16,2048,paged_minimal,26,0.5832319855690002,27433.337669898923
16,2048,sdpa_contig,27,0.2500480115413666,63987.71140538763
16,2048,paged_minimal,27,0.5801920294761658,27577.076531792096
16,2048,sdpa_contig,28,0.24793599545955658,64532.78383537467
16,2048,paged_minimal,28,0.5836480259895325,27413.7824296984
16,2048,sdpa_contig,29,0.24774399399757385,64582.79670810784
16,2048,paged_minimal,29,0.5807679891586304,27549.727771979142
16,2048,sdpa_contig,30,0.24911999702453613,64226.07655387914
16,2048,paged_minimal,30,0.5822719931602478,27478.56704074142
16,2048,sdpa_contig,31,0.25062400102615356,63840.65346690535
16,2048,paged_minimal,31,0.5833280086517334,27428.82179955899
16,2048,sdpa_contig,32,0.2507840096950531,63799.92097365214
16,2048,paged_minimal,32,0.579584002494812,27606.006948308102
16,2048,sdpa_contig,33,0.24966399371623993,64086.13337406229
16,2048,paged_minimal,33,0.5807039737701416,27552.764786715983
16,2048,sdpa_contig,34,0.2512960135936737,63669.931612487766
16,2048,paged_minimal,34,0.5802239775657654,27575.55809245488
16,2048,sdpa_contig,35,0.2495039999485016,64127.2284344237
16,2048,paged_minimal,35,0.5809919834136963,27539.10631604563
16,2048,sdpa_contig,36,0.25014400482177734,63963.15598848624
16,2048,paged_minimal,36,0.5844799876213074,27374.76105061551
16,2048,sdpa_contig,37,0.24883200228214264,64300.410932907704
16,2048,paged_minimal,37,0.5809280276298523,27542.138163446743
16,2048,sdpa_contig,38,0.24963200092315674,64094.34664157989
16,2048,paged_minimal,38,0.592960000038147,26983.270370633214
16,2048,sdpa_contig,39,0.25225600600242615,63427.62756596612
16,2048,paged_minimal,39,0.5846080183982849,27368.76590204316
16,2048,sdpa_contig,40,0.24886399507522583,64292.1447723427
16,2048,paged_minimal,40,0.5810239911079407,27537.589230162397
16,2048,sdpa_contig,41,0.2502079904079437,63946.79871699263
16,2048,paged_minimal,41,0.5799679756164551,27587.73013801909
16,2048,sdpa_contig,42,0.2503359913825989,63914.10165047557
16,2048,paged_minimal,42,0.5803520083427429,27569.474680874642
16,2048,sdpa_contig,43,0.25036799907684326,63905.930705981555
16,2048,paged_minimal,43,0.5799679756164551,27587.73013801909
16,2048,sdpa_contig,44,0.24963200092315674,64094.34664157989
16,2048,paged_minimal,44,0.5820800065994263,27487.63025459973
16,2048,sdpa_contig,45,0.2569279968738556,62274.256580358386
16,2048,paged_minimal,45,0.5811840295791626,27530.006307271822
16,2048,sdpa_contig,46,0.2608320116996765,61342.1638538083
16,2048,paged_minimal,46,0.5825600028038025,27464.982015575417
16,2048,sdpa_contig,47,0.2492160052061081,64201.33404661384
16,2048,paged_minimal,47,0.5843200087547302,27382.255887656996
16,2048,sdpa_contig,48,0.24937599897384644,64160.14398273354
16,2048,paged_minimal,48,0.5797759890556335,27596.86551707937
16,2048,sdpa_contig,49,0.24908800423145294,64234.32573305608
16,2048,paged_minimal,49,0.580672025680542,27554.280716809382
16,2048,sdpa_contig,50,0.2528640031814575,63275.11942662022
16,2048,paged_minimal,50,0.5912960171699524,27059.204755984723
16,2048,sdpa_contig,51,0.25839999318122864,61919.50627792166
16,2048,paged_minimal,51,0.5839040279388428,27401.763362515827
16,2048,sdpa_contig,52,0.2508479952812195,63783.64707305233
16,2048,paged_minimal,52,0.5805119872093201,27561.877019829302
16,2048,sdpa_contig,53,0.2505280077457428,63865.11489860313
16,2048,paged_minimal,53,0.5800960063934326,27581.64135532504
16,2048,sdpa_contig,54,0.25200000405311584,63492.0624708703
16,2048,paged_minimal,54,0.5832319855690002,27433.337669898923
16,2048,sdpa_contig,55,0.2492160052061081,64201.33404661384
16,2048,paged_minimal,55,0.5800960063934326,27581.64135532504
16,2048,sdpa_contig,56,0.2487040013074875,64333.50455113206
16,2048,paged_minimal,56,0.582368016242981,27474.036268716263
16,2048,sdpa_contig,57,0.2500160038471222,63995.90327739001
16,2048,paged_minimal,57,0.5842559933662415,27385.2560892266
16,2048,sdpa_contig,58,0.24857600033283234,64366.632251612
16,2048,paged_minimal,58,0.5797439813613892,27598.389141406613
16,2048,sdpa_contig,59,0.24876800179481506,64316.95348502606
16,2048,paged_minimal,59,0.5808640122413635,27545.17350500206
16,2048,sdpa_contig,60,0.25388801097869873,63019.91156779122
16,2048,paged_minimal,60,0.5819519758224487,27493.67759665711
16,2048,sdpa_contig,61,0.258432000875473,61911.837333603646
16,2048,paged_minimal,61,0.5797439813613892,27598.389141406613
16,2048,sdpa_contig,62,0.2508479952812195,63783.64707305233
16,2048,paged_minimal,62,0.581824004650116,27499.72478296373
16,2048,sdpa_contig,63,0.2504960000514984,63873.27540843218
16,2048,paged_minimal,63,0.5830079913139343,27443.87767985915
16,2048,sdpa_contig,64,0.25091201066970825,63767.373898501166
16,2048,paged_minimal,64,0.5812479853630066,27526.977130092804
16,2048,sdpa_contig,65,0.24854399263858795,64374.921438016296
16,2048,paged_minimal,65,0.5829439759254456,27446.8914008407
16,2048,sdpa_contig,66,0.2502079904079437,63946.79871699263
16,2048,paged_minimal,66,0.5812159776687622,27528.493046897063
16,2048,sdpa_contig,67,0.2465279996395111,64901.350042981794
16,2048,paged_minimal,67,0.5833920240402222,27425.81204520697
16,2048,sdpa_contig,68,0.2508159875869751,63791.78677536137
16,2048,paged_minimal,68,0.5812479853630066,27526.977130092804
16,2048,sdpa_contig,69,0.24886399507522583,64292.1447723427
16,2048,paged_minimal,69,0.5828160047531128,27452.918021319223
16,2048,sdpa_contig,70,0.249439999461174,64143.68198589754
16,2048,paged_minimal,70,0.586143970489502,27297.047833893168
16,2048,sdpa_contig,71,0.25014400482177734,63963.15598848624
16,2048,paged_minimal,71,0.5786240100860596,27651.807946269455
16,2048,sdpa_contig,72,0.2462719976902008,64968.815578161215
16,2048,paged_minimal,72,0.5719680190086365,27973.59199860859
16,2048,sdpa_contig,73,0.24636800587177277,64943.49760791393
16,2048,paged_minimal,73,0.568448007106781,28146.813428786383
16,2048,sdpa_contig,74,0.2489279955625534,64275.614977903686
16,2048,paged_minimal,74,0.567520022392273,28192.837906502464
16,2048,sdpa_contig,75,0.2475840002298355,64624.53141215502
16,2048,paged_minimal,75,0.5663999915122986,28248.587993936406
16,2048,sdpa_contig,76,0.2507840096950531,63799.92097365214
16,2048,paged_minimal,76,0.5651839971542358,28309.364880396075
16,2048,sdpa_contig,77,0.2465600073337555,64892.92474079801
16,2048,paged_minimal,77,0.5673919916152954,28199.199559461464
16,2048,sdpa_contig,78,0.24873599410057068,64325.229880202896
16,2048,paged_minimal,78,0.5669119954109192,28223.075414734514
16,2048,sdpa_contig,79,0.24956800043582916,64110.7833218147
16,2048,paged_minimal,79,0.566752016544342,28231.04203061654
16,2048,sdpa_contig,80,0.2503359913825989,63914.10165047557
16,2048,paged_minimal,80,0.5656319856643677,28286.943464144922
16,2048,sdpa_contig,81,0.25046399235725403,63881.43800398302
16,2048,paged_minimal,81,0.563264012336731,28405.86234796564
16,2048,sdpa_contig,82,0.2500799894332886,63979.52925485134
16,2048,paged_minimal,82,0.5643519759178162,28351.10123248687
16,2048,sdpa_contig,83,0.2471040040254593,64750.06369525081
16,2048,paged_minimal,83,0.5670719742774963,28215.113293838094
16,2048,sdpa_contig,84,0.24607999622821808,65019.506848339566
16,2048,paged_minimal,84,0.5661119818687439,28262.95947169987
16,2048,sdpa_contig,85,0.251008003950119,63742.98726816521
16,2048,paged_minimal,85,0.5661439895629883,28261.361588154537
16,2048,sdpa_contig,86,0.24822400510311127,64457.907660275094
16,2048,paged_minimal,86,0.5625920295715332,28439.791463426005
16,2048,sdpa_contig,87,0.24854399263858795,64374.921438016296
16,2048,paged_minimal,87,0.5659520030021667,28270.948623073862
16,2048,sdpa_contig,88,0.24751999974250793,64641.24117907485
16,2048,paged_minimal,88,0.567296028137207,28203.969720250214
16,2048,sdpa_contig,89,0.2481279969215393,64482.848362570585
16,2048,paged_minimal,89,0.5642880201339722,28354.31451513238
16,2048,sdpa_contig,90,0.24931199848651886,64176.61443143569
16,2048,paged_minimal,90,0.5684159994125366,28148.398385225177
16,2048,sdpa_contig,91,0.2476159930229187,64616.18171213634
16,2048,paged_minimal,91,0.5633280277252197,28402.63436671126
16,2048,sdpa_contig,92,0.25760000944137573,62111.79896575764
16,2048,paged_minimal,92,0.5646399855613708,28336.639999189283
16,2048,sdpa_contig,93,0.2500799894332886,63979.52925485134
16,2048,paged_minimal,93,0.5727999806404114,27932.961837937586
16,2048,sdpa_contig,94,0.24729600548744202,64699.79152498886
16,2048,paged_minimal,94,0.5662400126457214,28256.56902139605
16,2048,sdpa_contig,95,0.24672000110149384,64850.84277142995
16,2048,paged_minimal,95,0.5652480125427246,28306.15879218263
16,2048,sdpa_contig,96,0.2502720057964325,63930.44219661611
16,2048,paged_minimal,96,0.5632320046424866,28407.47661375538
16,2048,sdpa_contig,97,0.24828800559043884,64441.29253022657
16,2048,paged_minimal,97,0.567359983921051,28200.790421318157
16,2048,sdpa_contig,98,0.25299200415611267,63243.105462443586
16,2048,paged_minimal,98,0.5925120115280151,27003.67197407185
16,2048,sdpa_contig,99,0.2714560031890869,58941.41154378874
16,2048,paged_minimal,99,0.5863040089607239,27289.596788467174
16,8192,sdpa_contig,0,1.0041600465774536,15933.715003433843
16,8192,paged_minimal,0,2.1422080993652344,7468.928907859614
16,8192,sdpa_contig,1,0.9390400052070618,17038.67770412182
16,8192,paged_minimal,1,2.027456045150757,7891.663071201268
16,8192,sdpa_contig,2,0.9338560104370117,17133.26232436258
16,8192,paged_minimal,2,2.0195839405059814,7922.423861219356
16,8192,sdpa_contig,3,0.9349120259284973,17113.909711568616
16,8192,paged_minimal,3,2.023808002471924,7905.888295953591
16,8192,sdpa_contig,4,0.9432640075683594,16962.377310723863
16,8192,paged_minimal,4,2.014143943786621,7943.821517502745
16,8192,sdpa_contig,5,0.9486079812049866,16866.819926684264
16,8192,paged_minimal,5,2.021375894546509,7915.400615574059
16,8192,sdpa_contig,6,0.952351987361908,16800.51095847586
16,8192,paged_minimal,6,2.026144027709961,7896.773270399695
16,8192,sdpa_contig,7,0.9503039717674255,16836.718013755486
16,8192,paged_minimal,7,2.0217599868774414,7913.896854152113
16,8192,sdpa_contig,8,0.9365440011024475,17084.08786043762
16,8192,paged_minimal,8,2.019007921218872,7924.684114335136
16,8192,sdpa_contig,9,0.9307199716567993,17190.992443750805
16,8192,paged_minimal,9,2.020064115524292,7920.540678406796
16,8192,sdpa_contig,10,0.9322559833526611,17162.66807155197
16,8192,paged_minimal,10,2.052992105484009,7793.502935184389
16,8192,sdpa_contig,11,0.9299839735031128,17204.59755852604
16,8192,paged_minimal,11,2.0262720584869385,7896.2743097526345
16,8192,sdpa_contig,12,0.9299520254135132,17205.18861484863
16,8192,paged_minimal,12,2.0221118927001953,7912.519607722919
16,8192,sdpa_contig,13,0.933184027671814,17145.599930506898
16,8192,paged_minimal,13,2.0214719772338867,7915.02438826476
16,8192,sdpa_contig,14,0.9305279850959778,17194.539289809436
16,8192,paged_minimal,14,2.0345280170440674,7864.231834588417
16,8192,sdpa_contig,15,0.9307839870452881,17189.81011995161
16,8192,paged_minimal,15,2.238719940185547,7146.941300158298
16,8192,sdpa_contig,16,0.9329280257225037,17150.30480256914
16,8192,paged_minimal,16,2.24019193649292,7142.245152907936
16,8192,sdpa_contig,17,0.9360319972038269,17093.432754218014
16,8192,paged_minimal,17,2.267616033554077,7055.868261313579
16,8192,sdpa_contig,18,0.9329919815063477,17149.12916418365
16,8192,paged_minimal,18,2.250880002975464,7108.330954493095
16,8192,sdpa_contig,19,0.9307839870452881,17189.81011995161
16,8192,paged_minimal,19,2.246272087097168,7122.91271031045
16,8192,sdpa_contig,20,0.9316480159759521,17173.867947584396
16,8192,paged_minimal,20,2.2382400035858154,7148.47378939117
16,8192,sdpa_contig,21,0.9302080273628235,17200.453586022722
16,8192,paged_minimal,21,2.2429440021514893,7133.481702910278
16,8192,sdpa_contig,22,0.9313279986381531,17179.769129024593
16,8192,paged_minimal,22,2.247231960296631,7119.870259360332
16,8192,sdpa_contig,23,0.9308800101280212,17188.036939153484
16,8192,paged_minimal,23,2.242784023284912,7133.99053760222
16,8192,sdpa_contig,24,0.9326080083847046,17156.18979909074
16,8192,paged_minimal,24,2.2391679286956787,7145.511417413004
16,8192,sdpa_contig,25,0.9291200041770935,17220.595755196275
16,8192,paged_minimal,25,2.2360000610351562,7155.6348672874365
16,8192,sdpa_contig,26,0.9346240162849426,17119.183459032807
16,8192,paged_minimal,26,2.2434558868408203,7131.854071145035
16,8192,sdpa_contig,27,0.9364799857139587,17085.25568520488
16,8192,paged_minimal,27,2.266400098800659,7059.65376919412
16,8192,sdpa_contig,28,0.9349759817123413,17112.73905742172
16,8192,paged_minimal,28,2.240544080734253,7141.122612841703
16,8192,sdpa_contig,29,0.9356799721717834,17099.863709664318
16,8192,paged_minimal,29,2.240607976913452,7140.91896702108
16,8192,sdpa_contig,30,0.9280319809913635,17240.785153662608
16,8192,paged_minimal,30,2.2434558868408203,7131.854071145035
16,8192,sdpa_contig,31,0.9334719777107239,17140.310991701008
16,8192,paged_minimal,31,2.234528064727783,7160.348644781585
16,8192,sdpa_contig,32,0.9325760006904602,17156.77863053942
16,8192,paged_minimal,32,2.242687940597534,7134.296176639276
16,8192,sdpa_contig,33,0.9296320080757141,17211.111344067314
16,8192,paged_minimal,33,2.240096092224121,7142.550739470334
16,8192,sdpa_contig,34,0.9292479753494263,17218.224224791556
16,8192,paged_minimal,34,2.2403199672698975,7141.836984784788
16,8192,sdpa_contig,35,0.927295982837677,17254.469226791418
16,8192,paged_minimal,35,2.239135980606079,7145.613369880821
16,8192,sdpa_contig,36,0.9304320216178894,17196.312710925693
16,8192,paged_minimal,36,2.2395200729370117,7144.387850481219
16,8192,sdpa_contig,37,0.9312319755554199,17181.540604269983
16,8192,paged_minimal,37,2.258336067199707,7084.862271999973
16,8192,sdpa_contig,38,0.9319999814033508,17167.382316798055
16,8192,paged_minimal,38,2.2512640953063965,7107.118189002345
16,8192,sdpa_contig,39,0.9310399889945984,17185.083550791314
16,8192,paged_minimal,39,2.24566388130188,7124.841848872019
16,8192,sdpa_contig,40,0.9333119988441467,17143.24900977924
16,8192,paged_minimal,40,2.2481279373168945,7117.032680575888
16,8192,sdpa_contig,41,0.9324480295181274,17159.13326372572
16,8192,paged_minimal,41,2.2401280403137207,7142.448874377406
16,8192,sdpa_contig,42,0.9335039854049683,17139.72329004997
16,8192,paged_minimal,42,2.2364799976348877,7154.09930646384
16,8192,sdpa_contig,43,0.932096004486084,17165.613759734635
16,8192,paged_minimal,43,2.243232011795044,7132.565831742358
16,8192,sdpa_contig,44,0.9346240162849426,17119.183459032807
16,8192,paged_minimal,44,2.2470080852508545,7120.579629874261
16,8192,sdpa_contig,45,0.9309120178222656,17187.445960177516
16,8192,paged_minimal,45,2.242527961730957,7134.805127535605
16,8192,sdpa_contig,46,0.9324160218238831,17159.72229724525
16,8192,paged_minimal,46,2.254175901412964,7097.937649839514
16,8192,sdpa_contig,47,0.9308800101280212,17188.036939153484
16,8192,paged_minimal,47,2.251296043395996,7107.017332054027
16,8192,sdpa_contig,48,0.9300159811973572,17204.005440208308
16,8192,paged_minimal,48,2.2455999851226807,7125.044578732438
16,8192,sdpa_contig,49,0.9384959936141968,17048.554398600223
16,8192,paged_minimal,49,2.239423990249634,7144.694381083434
16,8192,sdpa_contig,50,0.948639988899231,16866.25082984942
16,8192,paged_minimal,50,2.2391040325164795,7145.715325258002
16,8192,sdpa_contig,51,0.9451519846916199,16928.4943153565
16,8192,paged_minimal,51,2.2386560440063477,7147.145289620308
16,8192,sdpa_contig,52,0.9485759735107422,16867.389061925052
16,8192,paged_minimal,52,2.2386560440063477,7147.145289620308
16,8192,sdpa_contig,53,0.9482240080833435,16873.64996414823
16,8192,paged_minimal,53,2.2374401092529297,7151.029399103032
16,8192,sdpa_contig,54,0.9463679790496826,16906.742783147387
16,8192,paged_minimal,54,2.2450881004333496,7126.669103502736
16,8192,sdpa_contig,55,0.9455999732017517,16920.474252790897
16,8192,paged_minimal,55,2.251744031906128,7105.603378220486
16,8192,sdpa_contig,56,0.9440000057220459,16949.152439635774
16,8192,paged_minimal,56,2.239583969116211,7144.1840183888935
16,8192,sdpa_contig,57,0.9392960071563721,17034.033870151812
16,8192,paged_minimal,57,2.263808012008667,7067.7371557684655
16,8192,sdpa_contig,58,0.9321920275688171,17163.845567021686
16,8192,paged_minimal,58,2.2419519424438477,7136.638255750988
16,8192,sdpa_contig,59,0.9311040043830872,17183.90203960187
16,8192,paged_minimal,59,2.2399039268493652,7143.163511707174
16,8192,sdpa_contig,60,0.9331520199775696,17146.1880352406
16,8192,paged_minimal,60,2.2589120864868164,7083.055642454893
16,8192,sdpa_contig,61,0.9347519874572754,17116.839776423916
16,8192,paged_minimal,61,2.242687940597534,7134.296176639276
16,8192,sdpa_contig,62,0.9319360256195068,17168.56045924822
16,8192,paged_minimal,62,2.2742080688476562,7035.416072596742
16,8192,sdpa_contig,63,0.9342399835586548,17126.220544590367
16,8192,paged_minimal,63,2.2555840015411377,7093.506599207979
16,8192,sdpa_contig,64,0.9307519793510437,17190.4012615217
16,8192,paged_minimal,64,2.245759963989258,7124.537019343058
16,8192,sdpa_contig,65,0.9398080110549927,17024.75379204207
16,8192,paged_minimal,65,2.241472005844116,7138.1663292174635
16,8192,sdpa_contig,66,0.9326080083847046,17156.18979909074
16,8192,paged_minimal,66,2.246367931365967,7122.608801787316
16,8192,sdpa_contig,67,0.9332799911499023,17143.836953245147
16,8192,paged_minimal,67,2.243583917617798,7131.447089792187
16,8192,sdpa_contig,68,0.9291840195655823,17219.409356050288
16,8192,paged_minimal,68,2.244960069656372,7127.075539677221
16,8192,sdpa_contig,69,0.9280319809913635,17240.785153662608
16,8192,paged_minimal,69,2.2430078983306885,7133.278492647157
16,8192,sdpa_contig,70,0.9351360201835632,17109.810396202327
16,8192,paged_minimal,70,2.2525439262390137,7103.080128037542
16,8192,sdpa_contig,71,0.9313600063323975,17179.178718448948
16,8192,paged_minimal,71,2.239232063293457,7145.306760420016
16,8192,sdpa_contig,72,0.9318400025367737,17170.32962358641
16,8192,paged_minimal,72,2.2392959594726562,7145.10287589137
16,8192,sdpa_contig,73,0.9279999732971191,17241.3798064596
16,8192,paged_minimal,73,2.2376320362091064,7150.416038512957
16,8192,sdpa_contig,74,0.929311990737915,17217.038152381192
16,8192,paged_minimal,74,2.2408640384674072,7140.102980519457
16,8192,sdpa_contig,75,0.9282240271568298,17237.218098101108
16,8192,paged_minimal,75,2.268735885620117,7052.385472197305
16,8192,sdpa_contig,76,0.933791995048523,17134.436881918853
16,8192,paged_minimal,76,2.246016025543213,7123.724772235452
16,8192,sdpa_contig,77,0.92985600233078,17206.96533645462
16,8192,paged_minimal,77,2.2437760829925537,7130.836325994076
16,8192,sdpa_contig,78,0.9307199716567993,17190.992443750805
16,8192,paged_minimal,78,2.2576000690460205,7087.172001532148
16,8192,sdpa_contig,79,0.944159984588623,16946.280568087524
16,8192,paged_minimal,79,2.2410879135131836,7139.389714934481
16,8192,sdpa_contig,80,0.9374079704284668,17068.34217836529
16,8192,paged_minimal,80,2.2422080039978027,7135.823247206497
16,8192,sdpa_contig,81,0.9303359985351562,17198.08759974086
16,8192,paged_minimal,81,2.240288019180298,7141.938832424888
16,8192,sdpa_contig,82,0.9319679737091064,17167.97191680543
16,8192,paged_minimal,82,2.249664068222046,7112.172979961901
16,8192,sdpa_contig,83,0.9288640022277832,17225.34188172399
16,8192,paged_minimal,83,2.2416958808898926,7137.453450486973
16,8192,sdpa_contig,84,0.9306240081787109,17192.765133271165
16,8192,paged_minimal,84,2.2418880462646484,7136.841657485356
16,8192,sdpa_contig,85,0.9314560294151306,17177.407730181894
16,8192,paged_minimal,85,2.2482879161834717,7116.526261974678
16,8192,sdpa_contig,86,0.92876797914505,17227.122768302506
16,8192,paged_minimal,86,2.2449278831481934,7127.177723661335
16,8192,sdpa_contig,87,0.9293439984321594,17216.44517745059
16,8192,paged_minimal,87,2.2412800788879395,7138.777589964907
16,8192,sdpa_contig,88,0.936896026134491,17077.66876332466
16,8192,paged_minimal,88,2.2491838932037354,7113.691347491207
16,8192,sdpa_contig,89,0.9308800101280212,17188.036939153484
16,8192,paged_minimal,89,2.2362239360809326,7154.9184953456
16,8192,sdpa_contig,90,0.9309759736061096,17186.265224465937
16,8192,paged_minimal,90,2.2425920963287354,7134.601083359301
16,8192,sdpa_contig,91,0.9318079948425293,17170.919426060427
16,8192,paged_minimal,91,2.2416319847106934,7137.656898692481
16,8192,sdpa_contig,92,0.9329599738121033,17149.717511056242
16,8192,paged_minimal,92,2.242016077041626,7136.434106713562
16,8192,sdpa_contig,93,0.9279040098190308,17243.162903370234
16,8192,paged_minimal,93,2.2376959323883057,7150.211862307453
16,8192,sdpa_contig,94,0.9307839870452881,17189.81011995161
16,8192,paged_minimal,94,2.2377920150756836,7149.904858096864
16,8192,sdpa_contig,95,0.9283199906349182,17235.43623040683
16,8192,paged_minimal,95,2.2364799976348877,7154.09930646384
16,8192,sdpa_contig,96,0.930400013923645,17196.90429982417
16,8192,paged_minimal,96,2.2406399250030518,7140.8171484662835
16,8192,sdpa_contig,97,0.9345600008964539,17120.356086984666
16,8192,paged_minimal,97,2.239487886428833,7144.490531500114
16,8192,sdpa_contig,98,0.928991973400116,17222.96904400574
16,8192,paged_minimal,98,2.24454402923584,7128.396588169062
16,8192,sdpa_contig,99,0.9295039772987366,17213.482019192805
16,8192,paged_minimal,99,2.2532479763031006,7100.860698985812
32,512,sdpa_contig,0,0.1475519984960556,216872.6979381132
32,512,paged_minimal,0,0.332863986492157,96135.36248612462
32,512,sdpa_contig,1,0.13743999600410461,232828.8775491839
32,512,paged_minimal,1,0.3193280100822449,100210.43876407274
32,512,sdpa_contig,2,0.1369599997997284,233644.86015473446
32,512,paged_minimal,2,0.3094399869441986,103412.62070234823
32,512,sdpa_contig,3,0.13551999628543854,236127.51532696406
32,512,paged_minimal,3,0.30883198976516724,103616.2090084401
32,512,sdpa_contig,4,0.13529600203037262,236518.4448895712
32,512,paged_minimal,4,0.30905601382255554,103541.1011881257
32,512,sdpa_contig,5,0.13625599443912506,234852.05279754943
32,512,paged_minimal,5,0.30771198868751526,103993.34824908734
32,512,sdpa_contig,6,0.13628800213336945,234796.89700554323
32,512,paged_minimal,6,0.30768001079559326,104004.15651720433
32,512,sdpa_contig,7,0.13465599715709686,237642.59056852176
32,512,paged_minimal,7,0.30799999833106995,103896.10445907575
32,512,sdpa_contig,8,0.1350719928741455,236910.69717033254
32,512,paged_minimal,8,0.30768001079559326,104004.15651720433
32,512,sdpa_contig,9,0.13439999520778656,238095.24658484553
32,512,paged_minimal,9,0.30668801069259644,104340.5639748815
32,512,sdpa_contig,10,0.13596799969673157,235349.49452352079
32,512,paged_minimal,10,0.30793601274490356,103917.6928828686
32,512,sdpa_contig,11,0.1358720064163208,235515.76843540446
32,512,paged_minimal,11,0.3067519962787628,104318.79951294529
32,512,sdpa_contig,12,0.13516800105571747,236742.4223933689
32,512,paged_minimal,12,0.3064959943294525,104405.93218847488
32,512,sdpa_contig,13,0.13631999492645264,234741.79277416083
32,512,paged_minimal,13,0.30831998586654663,103788.27668294878
32,512,sdpa_contig,14,0.13446399569511414,237981.92099361174
32,512,paged_minimal,14,0.3060480058193207,104558.760036135
32,512,sdpa_contig,15,0.13523200154304504,236630.3806411845
32,512,paged_minimal,15,0.3054719865322113,104755.92332793395
32,512,sdpa_contig,16,0.13465599715709686,237642.59056852176
32,512,paged_minimal,16,0.30742400884628296,104090.76415368887
32,512,sdpa_contig,17,0.13663999736309052,234192.04199021676
32,512,paged_minimal,17,0.30640000104904175,104438.64194007672
32,512,sdpa_contig,18,0.1355839967727661,236016.0547091029
32,512,paged_minimal,18,0.3067840039730072,104307.91562005809
32,512,sdpa_contig,19,0.13526399433612823,236574.41255564775
32,512,paged_minimal,19,0.30771198868751526,103993.34824908734
32,512,sdpa_contig,20,0.13519999384880066,236686.40130107422
32,512,paged_minimal,20,0.3073279857635498,104123.28678918285
32,512,sdpa_contig,21,0.13648000359535217,234466.5823344817
32,512,paged_minimal,21,0.30720001459121704,104166.66171901573
32,512,sdpa_contig,22,0.13500800728797913,237022.9784352148
32,512,paged_minimal,22,0.3068160116672516,104297.03399803226
32,512,sdpa_contig,23,0.13545599579811096,236239.08127104305
32,512,paged_minimal,23,0.30854400992393494,103712.91929436235
32,512,sdpa_contig,24,0.13676799833774567,233972.861992004
32,512,paged_minimal,24,0.3065600097179413,104384.13030271773
32,512,sdpa_contig,25,0.13449600338935852,237925.2854626599
32,512,paged_minimal,25,0.3078719973564148,103939.30034161078
32,512,sdpa_contig,26,0.13488000631332397,237247.9129758086
32,512,paged_minimal,26,0.30694401264190674,104253.54032669304
32,512,sdpa_contig,27,0.13628800213336945,234796.89700554323
32,512,paged_minimal,27,0.3041920065879822,105196.71558412422
32,512,sdpa_contig,28,0.13462400436401367,237699.0652682882
32,512,paged_minimal,28,0.30671998858451843,104329.6856774048
32,512,sdpa_contig,29,0.1353600025177002,236406.61498817243
32,512,paged_minimal,29,0.3057920038700104,104646.29419676693
32,512,sdpa_contig,30,0.1363839954137802,234631.63623351898
32,512,paged_minimal,30,0.3059839904308319,104580.63493761006
32,512,sdpa_contig,31,0.13395200669765472,238891.53129469516
32,512,paged_minimal,31,0.30876800417900085,103637.68125873808
32,512,sdpa_contig,32,0.13513599336147308,236798.49612237443
32,512,paged_minimal,32,0.30671998858451843,104329.6856774048
32,512,sdpa_contig,33,0.13555200397968292,236071.75888595707
32,512,paged_minimal,33,0.30527999997138977,104821.80294483417
32,512,sdpa_contig,34,0.1355839967727661,236016.0547091029
32,512,paged_minimal,34,0.30691200494766235,104264.41287448809
32,512,sdpa_contig,35,0.13475200533866882,237473.2748471921
32,512,paged_minimal,35,0.306335985660553,104460.4666049871
32,512,sdpa_contig,36,0.135903999209404,235460.32630499467
32,512,paged_minimal,36,0.3059520125389099,104591.56563296131
32,512,sdpa_contig,37,0.1353919953107834,236350.7526907046
32,512,paged_minimal,37,0.3068160116672516,104297.03399803226
32,512,sdpa_contig,38,0.13516800105571747,236742.4223933689
32,512,paged_minimal,38,0.3059839904308319,104580.63493761006
32,512,sdpa_contig,39,0.14505599439144135,220604.46473963905
32,512,paged_minimal,39,0.3073920011520386,104101.60277453849
32,512,sdpa_contig,40,0.1467200070619583,218102.49768108816
32,512,paged_minimal,40,0.3068160116672516,104297.03399803226
32,512,sdpa_contig,41,0.13648000359535217,234466.5823344817
32,512,paged_minimal,41,0.305759996175766,104657.24882337065
32,512,sdpa_contig,42,0.14496000111103058,220750.55018446047
32,512,paged_minimal,42,0.30723199248313904,104155.8196507031
32,512,sdpa_contig,43,0.13817599415779114,231588.70826329902
32,512,paged_minimal,43,0.3075520098209381,104047.44231270325
32,512,sdpa_contig,44,0.13663999736309052,234192.04199021676
32,512,paged_minimal,44,0.30556800961494446,104723.00434958546
32,512,sdpa_contig,45,0.14243200421333313,224668.6071486486
32,512,paged_minimal,45,0.30646398663520813,104416.83654690042
32,512,sdpa_contig,46,0.13663999736309052,234192.04199021676
32,512,paged_minimal,46,0.30716800689697266,104177.51615236783
32,512,sdpa_contig,47,0.13417600095272064,238492.72427843325
32,512,paged_minimal,47,0.30643200874328613,104427.73302709394
32,512,sdpa_contig,48,0.1345919966697693,237755.59313912402
32,512,paged_minimal,48,0.30608001351356506,104547.8260166824
32,512,sdpa_contig,49,0.13622400164604187,234907.20881293237
32,512,paged_minimal,49,0.30687999725341797,104275.28769030445
32,512,sdpa_contig,50,0.13625599443912506,234852.05279754943
32,512,paged_minimal,50,0.30617600679397583,104515.04784805894
32,512,sdpa_contig,51,0.13491199910640717,237191.6524249345
32,512,paged_minimal,51,0.3056640028953552,104690.1162612703
32,512,sdpa_contig,52,0.1363839954137802,234631.63623351898
32,512,paged_minimal,52,0.31411200761795044,101874.48815685233
32,512,sdpa_contig,53,0.1350719928741455,236910.69717033254
32,512,paged_minimal,53,0.3073920011520386,104101.60277453849
32,512,sdpa_contig,54,0.13529600203037262,236518.4448895712
32,512,paged_minimal,54,0.3054080009460449,104777.8705890986
32,512,sdpa_contig,55,0.1353279948234558,236462.52973559598
32,512,paged_minimal,55,0.30953601002693176,103380.54043281032
32,512,sdpa_contig,56,0.13417600095272064,238492.72427843325
32,512,paged_minimal,56,0.30531200766563416,104810.81384471834
32,512,sdpa_contig,57,0.13568000495433807,235849.04799177535
32,512,paged_minimal,57,0.3073920011520386,104101.60277453849
32,512,sdpa_contig,58,0.13686400651931763,233808.7333099033
32,512,paged_minimal,58,0.3068479895591736,104286.16477485186
32,512,sdpa_contig,59,0.13417600095272064,238492.72427843325
32,512,paged_minimal,59,0.30697599053382874,104242.68016645947
32,512,sdpa_contig,60,0.13702400028705597,233535.73047759643
32,512,paged_minimal,60,0.3046720027923584,105030.98317769881
32,512,sdpa_contig,61,0.13471999764442444,237529.69536460174
32,512,paged_minimal,61,0.30643200874328613,104427.73302709394
32,512,sdpa_contig,62,0.13414399325847626,238549.63030913047
32,512,paged_minimal,62,0.30531200766563416,104810.81384471834
32,512,sdpa_contig,63,0.13433599472045898,238208.68015745963
32,512,paged_minimal,63,0.306335985660553,104460.4666049871
32,512,sdpa_contig,64,0.13603200018405914,235238.76703056748
32,512,paged_minimal,64,0.30768001079559326,104004.15651720433
32,512,sdpa_contig,65,0.1358720064163208,235515.76843540446
32,512,paged_minimal,65,0.306335985660553,104460.4666049871
32,512,sdpa_contig,66,0.13516800105571747,236742.4223933689
32,512,paged_minimal,66,0.3056640028953552,104690.1162612703
32,512,sdpa_contig,67,0.13497599959373474,237079.18516119188
32,512,paged_minimal,67,0.30694401264190674,104253.54032669304
32,512,sdpa_contig,68,0.13577599823474884,235682.3033234037
32,512,paged_minimal,68,0.3075839877128601,104036.62504653222
32,512,sdpa_contig,69,0.13660800457000732,234246.8883922611
32,512,paged_minimal,69,0.3055039942264557,104744.94803586729
32,512,sdpa_contig,70,0.138047993183136,231803.4421373185
32,512,paged_minimal,70,0.3076480031013489,104014.97710829672
32,512,sdpa_contig,71,0.13497599959373474,237079.18516119188
32,512,paged_minimal,71,0.30537599325180054,104788.85278193466
32,512,sdpa_contig,72,0.1345919966697693,237755.59313912402
32,512,paged_minimal,72,0.30611199140548706,104536.90446125528
32,512,sdpa_contig,73,0.13494400680065155,237135.392365165
32,512,paged_minimal,73,0.30799999833106995,103896.10445907575
32,512,sdpa_contig,74,0.13491199910640717,237191.6524249345
32,512,paged_minimal,74,0.30803200602531433,103885.30858501182
32,512,sdpa_contig,75,0.13417600095272064,238492.72427843325
32,512,paged_minimal,75,0.3059520125389099,104591.56563296131
32,512,sdpa_contig,76,0.13583999872207642,235571.26252239454
32,512,paged_minimal,76,0.3062080144882202,104504.12296844384
32,512,sdpa_contig,77,0.1348479986190796,237304.22644531805
32,512,paged_minimal,77,0.30617600679397583,104515.04784805894
32,512,sdpa_contig,78,0.13622400164604187,234907.20881293237
32,512,paged_minimal,78,0.3068160116672516,104297.03399803226
32,512,sdpa_contig,79,0.13382400572299957,239120.02803320915
32,512,paged_minimal,79,0.30611199140548706,104536.90446125528
32,512,sdpa_contig,80,0.13414399325847626,238549.63030913047
32,512,paged_minimal,80,0.31062400341033936,103018.43916977491
32,512,sdpa_contig,81,0.13475200533866882,237473.2748471921
32,512,paged_minimal,81,0.3065919876098633,104373.24291957634
32,512,sdpa_contig,82,0.14336000382900238,223214.2797524553
32,512,paged_minimal,82,0.3075200021266937,104058.27191304606
32,512,sdpa_contig,83,0.1350719928741455,236910.69717033254
32,512,paged_minimal,83,0.3056960105895996,104679.15475338134
32,512,sdpa_contig,84,0.13471999764442444,237529.69536460174
32,512,paged_minimal,84,0.3075200021266937,104058.27191304606
32,512,sdpa_contig,85,0.13555200397968292,236071.75888595707
32,512,paged_minimal,85,0.3062399923801422,104493.21054148185
32,512,sdpa_contig,86,0.1356479972600937,235904.69926837677
32,512,paged_minimal,86,0.3056640028953552,104690.1162612703
32,512,sdpa_contig,87,0.13446399569511414,237981.92099361174
32,512,paged_minimal,87,0.3067519962787628,104318.79951294529
32,512,sdpa_contig,88,0.13424000144004822,238379.02008881644
32,512,paged_minimal,88,0.30774399638175964,103982.53215735739
32,512,sdpa_contig,89,0.1363839954137802,234631.63623351898
32,512,paged_minimal,89,0.3062080144882202,104504.12296844384
32,512,sdpa_contig,90,0.13555200397968292,236071.75888595707
32,512,paged_minimal,90,0.3062080144882202,104504.12296844384
32,512,sdpa_contig,91,0.13436800241470337,238151.93665853265
32,512,paged_minimal,91,0.3075839877128601,104036.62504653222
32,512,sdpa_contig,92,0.13388800621032715,239005.72505150764
32,512,paged_minimal,92,0.30617600679397583,104515.04784805894
32,512,sdpa_contig,93,0.13478399813175201,237416.90737441878
32,512,paged_minimal,93,0.3059520125389099,104591.56563296131
32,512,sdpa_contig,94,0.13494400680065155,237135.392365165
32,512,paged_minimal,94,0.3091840147972107,103498.23557659776
32,512,sdpa_contig,95,0.13577599823474884,235682.3033234037
32,512,paged_minimal,95,0.3056960105895996,104679.15475338134
32,512,sdpa_contig,96,0.13395200669765472,238891.53129469516
32,512,paged_minimal,96,0.30537599325180054,104788.85278193466
32,512,sdpa_contig,97,0.13491199910640717,237191.6524249345
32,512,paged_minimal,97,0.30643200874328613,104427.73302709394
32,512,sdpa_contig,98,0.13542400300502777,236294.89078691584
32,512,paged_minimal,98,0.3059839904308319,104580.63493761006
32,512,sdpa_contig,99,0.1348479986190796,237304.22644531805
32,512,paged_minimal,99,0.3047359883785248,105008.92976333179
32,2048,sdpa_contig,0,0.5034239888191223,63564.71028538419
32,2048,paged_minimal,0,1.0984959602355957,29130.7398100371
32,2048,sdpa_contig,1,0.48214399814605713,66370.21330359101
32,2048,paged_minimal,1,1.0503679513931274,30465.514449062975
32,2048,sdpa_contig,2,0.48342400789260864,66194.47829969734
32,2048,paged_minimal,2,1.0489280223846436,30507.336363510316
32,2048,sdpa_contig,3,0.4798719882965088,66684.45081280192
32,2048,paged_minimal,3,1.050719976425171,30455.307520537033
32,2048,sdpa_contig,4,0.4774079918861389,67028.62236045673
32,2048,paged_minimal,4,1.0571199655532837,30270.92576314325
32,2048,sdpa_contig,5,0.48284798860549927,66273.44579485226
32,2048,paged_minimal,5,1.0484800338745117,30520.371362484093
32,2048,sdpa_contig,6,0.4787200093269348,66844.91848375209
32,2048,paged_minimal,6,1.0489920377731323,30505.47463442302
32,2048,sdpa_contig,7,0.4826880097389221,66295.41101985994
32,2048,paged_minimal,7,1.0454399585723877,30609.122731159005
32,2048,sdpa_contig,8,0.48156800866127014,66449.59678479901
32,2048,paged_minimal,8,1.0477759838104248,30540.8794383951
32,2048,sdpa_contig,9,0.47683200240135193,67109.5896224378
32,2048,paged_minimal,9,1.044927954673767,30624.1208849567
32,2048,sdpa_contig,10,0.4780159890651703,66943.36744379754
32,2048,paged_minimal,10,1.0475200414657593,30548.341543158913
32,2048,sdpa_contig,11,0.47993600368499756,66675.55622895707
32,2048,paged_minimal,11,1.0471999645233154,30557.678651723763
32,2048,sdpa_contig,12,0.47862398624420166,66858.32912618191
32,2048,paged_minimal,12,1.0474560260772705,30550.20850836116
32,2048,sdpa_contig,13,0.47999998927116394,66666.66815678282
32,2048,paged_minimal,13,1.0469119548797607,30566.085190683723
32,2048,sdpa_contig,14,0.47548800706863403,67299.27889722984
32,2048,paged_minimal,14,1.0459519624710083,30594.139260852506
32,2048,sdpa_contig,15,0.4827199876308441,66291.0192657523
32,2048,paged_minimal,15,1.045375943183899,30610.99713327789
32,2048,sdpa_contig,16,0.4759039878845215,67240.45356763185
32,2048,paged_minimal,16,1.0469759702682495,30564.216284544873
32,2048,sdpa_contig,17,0.4824320077896118,66330.59059786757
32,2048,paged_minimal,17,1.0582400560379028,30238.885607684708
32,2048,sdpa_contig,18,0.477728009223938,66983.72166200496
32,2048,paged_minimal,18,1.0465279817581177,30577.299945904466
32,2048,sdpa_contig,19,0.4785279929637909,66871.74098594765
32,2048,paged_minimal,19,1.0457600355148315,30599.754162766683
32,2048,sdpa_contig,20,0.47894400358200073,66813.65621173548
32,2048,paged_minimal,20,1.0471680164337158,30558.61093712611
32,2048,sdpa_contig,21,0.4784319996833801,66885.1582276628
32,2048,paged_minimal,21,1.0480639934539795,30532.486756406368
32,2048,sdpa_contig,22,0.4780159890651703,66943.36744379754
32,2048,paged_minimal,22,1.0488320589065552,30510.127649379006
32,2048,sdpa_contig,23,0.4793280065059662,66760.12994371464
32,2048,paged_minimal,23,1.0463999509811401,30581.041187927916
32,2048,sdpa_contig,24,0.47753599286079407,67010.65569591166
32,2048,paged_minimal,24,1.0461759567260742,30587.588822191534
32,2048,sdpa_contig,25,0.4810880124568939,66515.89557714711
32,2048,paged_minimal,25,1.0477759838104248,30540.8794383951
32,2048,sdpa_contig,26,0.48979198932647705,65333.857427933544
32,2048,paged_minimal,26,1.046015977859497,30592.26692261703
32,2048,sdpa_contig,27,0.47971200942993164,66706.68936978954
32,2048,paged_minimal,27,1.0476160049438477,30545.54326106845
32,2048,sdpa_contig,28,0.4763520061969757,67177.21261526024
32,2048,paged_minimal,28,1.0505919456481934,30459.018967879736
32,2048,sdpa_contig,29,0.47910401225090027,66791.34213395407
32,2048,paged_minimal,29,1.046720027923584,30571.689798923162
32,2048,sdpa_contig,30,0.47862398624420166,66858.32912618191
32,2048,paged_minimal,30,1.0565119981765747,30288.345097101155
32,2048,sdpa_contig,31,0.4788160026073456,66831.51737984348
32,2048,paged_minimal,31,1.0631040334701538,30100.534841869157
32,2048,sdpa_contig,32,0.47939199209213257,66751.21931083496
32,2048,paged_minimal,32,1.0521279573440552,30414.551553956775
32,2048,sdpa_contig,33,0.47999998927116394,66666.66815678282
32,2048,paged_minimal,33,1.0474879741668701,30549.276735564927
32,2048,sdpa_contig,34,0.48047998547554016,66600.06861332423
32,2048,paged_minimal,34,1.049631953239441,30486.876758314724
32,2048,sdpa_contig,35,0.47891199588775635,66818.12164817836
32,2048,paged_minimal,35,1.0455360412597656,30606.30981352228
32,2048,sdpa_contig,36,0.4774720072746277,67019.63573247667
32,2048,paged_minimal,36,1.0472960472106934,30554.875180926076
32,2048,sdpa_contig,37,0.48047998547554016,66600.06861332423
32,2048,paged_minimal,37,1.0471680164337158,30558.61093712611
32,2048,sdpa_contig,38,0.4784959852695465,66876.21419012273
32,2048,paged_minimal,38,1.046336054801941,30582.908667958713
32,2048,sdpa_contig,39,0.4787839949131012,66835.98520415864
32,2048,paged_minimal,39,1.0482560396194458,30526.89304000303
32,2048,sdpa_contig,40,0.4785600006580353,66867.26838013828
32,2048,paged_minimal,40,1.0470720529556274,30561.41161410225
32,2048,sdpa_contig,41,0.4784959852695465,66876.21419012273
32,2048,paged_minimal,41,1.0465279817581177,30577.299945904466
32,2048,sdpa_contig,42,0.4824959933757782,66321.79425182857
32,2048,paged_minimal,42,1.0486719608306885,30514.78555281646
32,2048,sdpa_contig,43,0.478303998708725,66903.05765034423
32,2048,paged_minimal,43,1.0517760515213013,30424.727729553095
32,2048,sdpa_contig,44,0.47999998927116394,66666.66815678282
32,2048,paged_minimal,44,1.04694402217865,30565.14896890976
32,2048,sdpa_contig,45,0.47756800055503845,67006.16448926437
32,2048,paged_minimal,45,1.0472639799118042,30555.81077341636
32,2048,sdpa_contig,46,0.47993600368499756,66675.55622895707
32,2048,paged_minimal,46,1.0475519895553589,30547.40988424129
32,2048,sdpa_contig,47,0.47839999198913574,66889.63322709818
32,2048,paged_minimal,47,1.055359959602356,30321.408073940125
32,2048,sdpa_contig,48,0.48214399814605713,66370.21330359101
32,2048,paged_minimal,48,1.0494400262832642,30492.45235416872
32,2048,sdpa_contig,49,0.4784640073776245,66880.68382695339
32,2048,paged_minimal,49,1.0457919836044312,30598.819365308827
32,2048,sdpa_contig,50,0.47884801030158997,66827.05015281495
32,2048,paged_minimal,50,1.0533119440078735,30380.363748880834
32,2048,sdpa_contig,51,0.47920000553131104,66777.96250131536
32,2048,paged_minimal,51,1.0460480451583862,30591.329096317706
32,2048,sdpa_contig,52,0.480320006608963,66622.25091542306
32,2048,paged_minimal,52,1.0463999509811401,30581.041187927916
32,2048,sdpa_contig,53,0.48240000009536743,66334.99169501202
32,2048,paged_minimal,53,1.047935962677002,30536.217039688654
32,2048,sdpa_contig,54,0.4768959879875183,67100.58546526822
32,2048,paged_minimal,54,1.043776035308838,30657.917903366764
32,2048,sdpa_contig,55,0.480320006608963,66622.25091542306
32,2048,paged_minimal,55,1.0469759702682495,30564.216284544873
32,2048,sdpa_contig,56,0.4782080054283142,66916.48746310451
32,2048,paged_minimal,56,1.0527360439300537,30396.983350677558
32,2048,sdpa_contig,57,0.4789760112762451,66809.19137210044
32,2048,paged_minimal,57,1.047104001045227,30560.479157807975
32,2048,sdpa_contig,58,0.47868800163269043,66849.3881000895
32,2048,paged_minimal,58,1.0459840297698975,30593.20131975588
32,2048,sdpa_contig,59,0.4803520143032074,66617.81161971143
32,2048,paged_minimal,59,1.044927954673767,30624.1208849567
32,2048,sdpa_contig,60,0.4784640073776245,66880.68382695339
32,2048,paged_minimal,60,1.0489920377731323,30505.47463442302
32,2048,sdpa_contig,61,0.4780479967594147,66938.88525194368
32,2048,paged_minimal,61,1.0517120361328125,30426.57961552412
32,2048,sdpa_contig,62,0.4805760085582733,66586.76136580332
32,2048,paged_minimal,62,1.0479040145874023,30537.14801598461
32,2048,sdpa_contig,63,0.4790720045566559,66795.80458810889
32,2048,paged_minimal,63,1.045375943183899,30610.99713327789
32,2048,sdpa_contig,64,0.4800960123538971,66653.3342843339
32,2048,paged_minimal,64,1.046336054801941,30582.908667958713
32,2048,sdpa_contig,65,0.4808320105075836,66551.3096064874
32,2048,paged_minimal,65,1.0499520301818848,30477.58286105375
32,2048,sdpa_contig,66,0.4792959988117218,66764.58822801548
32,2048,paged_minimal,66,1.0471999645233154,30557.678651723763
32,2048,sdpa_contig,67,0.47622400522232056,67195.2687161604
32,2048,paged_minimal,67,1.0472639799118042,30555.81077341636
32,2048,sdpa_contig,68,0.48287999629974365,66269.05286036382
32,2048,paged_minimal,68,1.047808051109314,30539.94476003655
32,2048,sdpa_contig,69,0.47948798537254333,66737.85574655693
32,2048,paged_minimal,69,1.0472320318222046,30556.742944846104
32,2048,sdpa_contig,70,0.47913599014282227,66786.88443016219
32,2048,paged_minimal,70,1.0470720529556274,30561.41161410225
32,2048,sdpa_contig,71,0.4776960015296936,66988.20986051498
32,2048,paged_minimal,71,1.0452159643173218,30615.682397178713
32,2048,sdpa_contig,72,0.47887998819351196,66822.58768154879
32,2048,paged_minimal,72,1.046496033668518,30578.233428963125
32,2048,sdpa_contig,73,0.47705599665641785,67078.07935395649
32,2048,paged_minimal,73,1.1051199436187744,28956.132938126415
32,2048,sdpa_contig,74,0.4830720126628876,66242.7115651
32,2048,paged_minimal,74,1.121567964553833,28531.4853948506
32,2048,sdpa_contig,75,0.4799039959907532,66680.00322426275
32,2048,paged_minimal,75,1.1219840049743652,28520.905697520284
32,2048,sdpa_contig,76,0.47887998819351196,66822.58768154879
32,2048,paged_minimal,76,1.121664047241211,28529.041363771626
32,2048,sdpa_contig,77,0.4785600006580353,66867.26838013828
32,2048,paged_minimal,77,1.1210880279541016,28543.69969358919
32,2048,sdpa_contig,78,0.48054400086402893,66591.19652407122
32,2048,paged_minimal,78,1.131775975227356,28274.146739659944
32,2048,sdpa_contig,79,0.47865599393844604,66853.8583141928
32,2048,paged_minimal,79,1.1237119436264038,28477.048928331864
32,2048,sdpa_contig,80,0.48131200671195984,66484.94023368575
32,2048,paged_minimal,80,1.1232000589370728,28490.026995086544
32,2048,sdpa_contig,81,0.4774720072746277,67019.63573247667
32,2048,paged_minimal,81,1.1257599592208862,28425.242644219197
32,2048,sdpa_contig,82,0.4798080027103424,66693.3436275306
32,2048,paged_minimal,82,1.121664047241211,28529.041363771626
32,2048,sdpa_contig,83,0.48028799891471863,66626.6908028281
32,2048,paged_minimal,83,1.1232320070266724,28489.21665320754
32,2048,sdpa_contig,84,0.4795520007610321,66728.94691131958
32,2048,paged_minimal,84,1.1246720552444458,28452.738601249275
32,2048,sdpa_contig,85,0.47884801030158997,66827.05015281495
32,2048,paged_minimal,85,1.1238399744033813,28473.80474874815
32,2048,sdpa_contig,86,0.48047998547554016,66600.06861332423
32,2048,paged_minimal,86,1.122048020362854,28519.278515060047
32,2048,sdpa_contig,87,0.47753599286079407,67010.65569591166
32,2048,paged_minimal,87,1.1242560148239136,28463.267777145935
32,2048,sdpa_contig,88,0.48076799511909485,66560.1710697756
32,2048,paged_minimal,88,1.124735951423645,28451.122202945236
32,2048,sdpa_contig,89,0.4784640073776245,66880.68382695339
32,2048,paged_minimal,89,1.1231039762496948,28492.464345870663
32,2048,sdpa_contig,90,0.4780159890651703,66943.36744379754
32,2048,paged_minimal,90,1.120576024055481,28556.74163381497
32,2048,sdpa_contig,91,0.4806399941444397,66577.89694958991
32,2048,paged_minimal,91,1.122912049293518,28497.3342481567
32,2048,sdpa_contig,92,0.48736000061035156,65659.88172998274
32,2048,paged_minimal,92,1.1217600107192993,28526.600782890127
32,2048,sdpa_contig,93,0.4808639883995056,66546.88388396044
32,2048,paged_minimal,93,1.1219840049743652,28520.905697520284
32,2048,sdpa_contig,94,0.4809280037879944,66538.02595805262
32,2048,paged_minimal,94,1.1236159801483154,28479.48103744133
32,2048,sdpa_contig,95,0.47945600748062134,66742.30690767469
32,2048,paged_minimal,95,1.1245759725570679,28455.169575816384
32,2048,sdpa_contig,96,0.4793280065059662,66760.12994371464
32,2048,paged_minimal,96,1.12227201461792,28513.586352676248
32,2048,sdpa_contig,97,0.47859200835227966,66862.79637257461
32,2048,paged_minimal,97,1.1238399744033813,28473.80474874815
32,2048,sdpa_contig,98,0.48070400953292847,66569.0307661309
32,2048,paged_minimal,98,1.1237759590148926,28475.426746138397
32,2048,sdpa_contig,99,0.4779520034790039,66952.32945373717
32,2048,paged_minimal,99,1.130784034729004,28298.949239824477
32,8192,sdpa_contig,0,1.9226560592651367,16643.642447537288
32,8192,paged_minimal,0,4.573311805725098,6997.117484957142
32,8192,sdpa_contig,1,1.847872018814087,17317.216600604577
32,8192,paged_minimal,1,4.401504039764404,7270.242106085364
32,8192,sdpa_contig,2,1.8522239923477173,17276.528180287525
32,8192,paged_minimal,2,4.407072067260742,7261.056663384656
32,8192,sdpa_contig,3,1.8430720567703247,17362.316292763204
32,8192,paged_minimal,3,4.400544166564941,7271.827935084481
32,8192,sdpa_contig,4,1.8456640243530273,17337.93343629655
32,8192,paged_minimal,4,4.400191783905029,7272.410288353619
32,8192,sdpa_contig,5,1.8488320112228394,17308.22476339255
32,8192,paged_minimal,5,4.397088050842285,7277.543599307781
32,8192,sdpa_contig,6,1.8491840362548828,17304.929835328338
32,8192,paged_minimal,6,4.391327857971191,7287.089699283832
32,8192,sdpa_contig,7,1.8437119722366333,17356.290180824904
32,8192,paged_minimal,7,4.392576217651367,7285.018725778613
32,8192,sdpa_contig,8,1.8349759578704834,17438.920582445382
32,8192,paged_minimal,8,4.394176006317139,7282.366467341381
32,8192,sdpa_contig,9,1.8513920307159424,17284.291748639236
32,8192,paged_minimal,9,4.392608165740967,7284.965740758733
32,8192,sdpa_contig,10,1.844480037689209,17349.06279608754
32,8192,paged_minimal,10,4.406655788421631,7261.742585858223
32,8192,sdpa_contig,11,1.8423360586166382,17369.252395802294
32,8192,paged_minimal,11,4.394336223602295,7282.1009526138905
32,8192,sdpa_contig,12,1.844704031944275,17346.956176093325
32,8192,paged_minimal,12,4.390624046325684,7288.2578108183425
32,8192,sdpa_contig,13,1.8469760417938232,17325.617266221227
32,8192,paged_minimal,13,4.407519817352295,7260.319028859905
32,8192,sdpa_contig,14,1.8408639430999756,17383.142366356897
32,8192,paged_minimal,14,4.397088050842285,7277.543599307781
32,8192,sdpa_contig,15,1.84825599193573,17313.618968163337
32,8192,paged_minimal,15,4.397503852844238,7276.855477750835
32,8192,sdpa_contig,16,1.8401600122451782,17389.792076264508
32,8192,paged_minimal,16,4.391392230987549,7286.982878503602
32,8192,sdpa_contig,17,1.8403520584106445,17387.97740016966
32,8192,paged_minimal,17,4.411744117736816,7253.367182232613
32,8192,sdpa_contig,18,1.850592017173767,17291.763772368668
32,8192,paged_minimal,18,4.399328231811523,7273.837802919123
32,8192,sdpa_contig,19,1.84825599193573,17313.618968163337
32,8192,paged_minimal,19,4.396383762359619,7278.709441603664
32,8192,sdpa_contig,20,1.850335955619812,17294.1567193839
32,8192,paged_minimal,20,4.395520210266113,7280.139430427657
32,8192,sdpa_contig,21,1.8441920280456543,17351.772219681137
32,8192,paged_minimal,21,4.397823810577393,7276.326059956164
32,8192,sdpa_contig,22,1.8437440395355225,17355.988311729794
32,8192,paged_minimal,22,4.39686393737793,7277.914544493093
32,8192,sdpa_contig,23,1.8410240411758423,17381.630703508872
32,8192,paged_minimal,23,4.398623943328857,7275.002458105694
32,8192,sdpa_contig,24,1.8509759902954102,17288.176706653496
32,8192,paged_minimal,24,4.391359806060791,7287.036684134785
32,8192,sdpa_contig,25,1.8378880023956299,17411.289457403822
32,8192,paged_minimal,25,4.391200065612793,7287.301767594229
32,8192,sdpa_contig,26,1.8415679931640625,17376.49661526734
32,8192,paged_minimal,26,4.388415813446045,7291.925232324714
32,8192,sdpa_contig,27,1.844607949256897,17347.859751385786
32,8192,paged_minimal,27,4.390719890594482,7288.098716692983
32,8192,sdpa_contig,28,1.8447999954223633,17346.053815808722
32,8192,paged_minimal,28,4.389855861663818,7289.5331893360935
32,8192,sdpa_contig,29,1.8481919765472412,17314.218655889752
32,8192,paged_minimal,29,4.388383865356445,7291.9783186288805
32,8192,sdpa_contig,30,1.8471360206604004,17324.11670936889
32,8192,paged_minimal,30,4.396128177642822,7279.132615545848
32,8192,sdpa_contig,31,1.8488320112228394,17308.22476339255
32,8192,paged_minimal,31,4.390912055969238,7287.77975785179
32,8192,sdpa_contig,32,1.8479360342025757,17316.61670519277
32,8192,paged_minimal,32,4.391295909881592,7287.142715204282
32,8192,sdpa_contig,33,1.8906879425048828,16925.05636736897
32,8192,paged_minimal,33,4.397727966308594,7276.4846405132375
32,8192,sdpa_contig,34,1.8728959560394287,17085.839657462708
32,8192,paged_minimal,34,4.406527996063232,7261.953181413716
32,8192,sdpa_contig,35,1.845952033996582,17335.228332405983
32,8192,paged_minimal,35,4.411712169647217,7253.41970860236
32,8192,sdpa_contig,36,1.8524800539016724,17274.140108878346
32,8192,paged_minimal,36,4.389279842376709,7290.489818182253
32,8192,sdpa_contig,37,1.8485440015792847,17310.921445559925
32,8192,paged_minimal,37,4.3954877853393555,7280.1931350446075
32,8192,sdpa_contig,38,1.8477760553359985,17318.11596301974
32,8192,paged_minimal,38,4.397439956665039,7276.961212738964
32,8192,sdpa_contig,39,1.8396159410476685,17394.935152483988
32,8192,paged_minimal,39,4.403679847717285,7266.64996243714
32,8192,sdpa_contig,40,1.8472000360488892,17323.51633580905
32,8192,paged_minimal,40,4.394144058227539,7282.419414557793
32,8192,sdpa_contig,41,1.8445760011672974,17348.16021662948
32,8192,paged_minimal,41,4.391871929168701,7286.186964485779
32,8192,sdpa_contig,42,1.8506560325622559,17291.16563908184
32,8192,paged_minimal,42,4.392608165740967,7284.965740758733
32,8192,sdpa_contig,43,1.8427519798278809,17365.33204158538
32,8192,paged_minimal,43,4.395199775695801,7280.670193184587
32,8192,sdpa_contig,44,1.8480960130691528,17315.11770692977
32,8192,paged_minimal,44,4.391071796417236,7287.514639617017
32,8192,sdpa_contig,45,1.8518719673156738,17279.81230062284
32,8192,paged_minimal,45,4.396480083465576,7278.549974636899
32,8192,sdpa_contig,46,1.8471039533615112,17324.417470800046
32,8192,paged_minimal,46,4.399551868438721,7273.468061499617
32,8192,sdpa_contig,47,1.851199984550476,17286.084846079182
32,8192,paged_minimal,47,4.390399932861328,7288.6298490681775
32,8192,sdpa_contig,48,1.8409919738769531,17381.933465256265
32,8192,paged_minimal,48,4.39462423324585,7281.623706963665
32,8192,sdpa_contig,49,1.840448021888733,17387.070767236593
32,8192,paged_minimal,49,4.398464202880859,7275.266666724486
32,8192,sdpa_contig,50,1.8445440530776978,17348.46069228148
32,8192,paged_minimal,50,4.39686393737793,7277.914544493093
32,8192,sdpa_contig,51,1.8416320085525513,17375.892605793008
32,8192,paged_minimal,51,4.39302396774292,7284.27621496479
32,8192,sdpa_contig,52,1.844607949256897,17347.859751385786
32,8192,paged_minimal,52,4.406367778778076,7262.217228919978
32,8192,sdpa_contig,53,1.8655359745025635,17153.247344121923
32,8192,paged_minimal,53,4.3928961753845215,7284.488119548821
32,8192,sdpa_contig,54,1.8447359800338745,17346.65575255511
32,8192,paged_minimal,54,4.390336036682129,7288.735926506229
32,8192,sdpa_contig,55,1.8379839658737183,17410.38039185953
32,8192,paged_minimal,55,4.396031856536865,7279.292108044269
32,8192,sdpa_contig,56,1.8505280017852783,17292.361947037993
32,8192,paged_minimal,56,4.3924479484558105,7285.231464438816
32,8192,sdpa_contig,57,1.8417279720306396,17374.987232624622
32,8192,paged_minimal,57,4.392159938812256,7285.709183134519
32,8192,sdpa_contig,58,1.844256043434143,17351.169927801133
32,8192,paged_minimal,58,4.3924479484558105,7285.231464438816
32,8192,sdpa_contig,59,1.8417600393295288,17374.684712808314
32,8192,paged_minimal,59,4.394815921783447,7281.306104628422
32,8192,sdpa_contig,60,1.8526400327682495,17272.64845518047
32,8192,paged_minimal,60,4.397696018218994,7276.53750223499
32,8192,sdpa_contig,61,1.844831943511963,17345.753423524508
32,8192,paged_minimal,61,4.390655994415283,7288.204778671469
32,8192,sdpa_contig,62,1.8387199640274048,17403.41140904862
32,8192,paged_minimal,62,4.419040203094482,7241.391462696275
32,8192,sdpa_contig,63,1.8445440530776978,17348.46069228148
32,8192,paged_minimal,63,4.3968000411987305,7278.020310260827
32,8192,sdpa_contig,64,1.8356159925460815,17432.84005475163
32,8192,paged_minimal,64,4.389535903930664,7290.0645308186695
32,8192,sdpa_contig,65,1.8426560163497925,17366.23640878473
32,8192,paged_minimal,65,4.392672061920166,7284.859773031147
32,8192,sdpa_contig,66,1.8437440395355225,17355.988311729794
32,8192,paged_minimal,66,4.393343925476074,7283.7457168874835
32,8192,sdpa_contig,67,1.8449599742889404,17344.549717038175
32,8192,paged_minimal,67,4.398047924041748,7275.955276674753
32,8192,sdpa_contig,68,1.8407360315322876,17384.3503097846
32,8192,paged_minimal,68,4.401375770568848,7270.453982588317
32,8192,sdpa_contig,69,1.8435200452804565,17358.09712615943
32,8192,paged_minimal,69,4.399936199188232,7272.832730143644
32,8192,sdpa_contig,70,1.8397120237350464,17394.02666675652
32,8192,paged_minimal,70,4.391039848327637,7287.567661720825
32,8192,sdpa_contig,71,1.8388479948043823,17402.199687203716
32,8192,paged_minimal,71,4.392704010009766,7284.806790323407
32,8192,sdpa_contig,72,1.8384959697723389,17405.531764077004
32,8192,paged_minimal,72,4.391647815704346,7286.558791342366
32,8192,sdpa_contig,73,1.8394880294799805,17396.144735470953
32,8192,paged_minimal,73,4.414048194885254,7249.581016600536
32,8192,sdpa_contig,74,1.8413759469985962,17378.308895670827
32,8192,paged_minimal,74,4.401375770568848,7270.453982588317
32,8192,sdpa_contig,75,1.8390400409698486,17400.38242077876
32,8192,paged_minimal,75,4.391263961791992,7287.195731896154
32,8192,sdpa_contig,76,1.847424030303955,17321.415914859062
32,8192,paged_minimal,76,4.391808032989502,7286.292970828603
32,8192,sdpa_contig,77,1.8417919874191284,17374.383328076616
32,8192,paged_minimal,77,4.395840167999268,7279.609534703476
32,8192,sdpa_contig,78,1.8408000469207764,17383.74575420532
32,8192,paged_minimal,78,4.402560234069824,7268.4979418029425
32,8192,sdpa_contig,79,1.8438400030136108,17355.08501155118
32,8192,paged_minimal,79,4.398464202880859,7275.266666724486
32,8192,sdpa_contig,80,1.8481919765472412,17314.218655889752
32,8192,paged_minimal,80,4.415328025817871,7247.479646559781
32,8192,sdpa_contig,81,1.8436800241470337,17356.590938172467
32,8192,paged_minimal,81,4.411263942718506,7254.156725947242
32,8192,sdpa_contig,82,1.8411840200424194,17380.120428843795
32,8192,paged_minimal,82,4.396671772003174,7278.2326403729785
32,8192,sdpa_contig,83,1.842079997062683,17371.666839130816
32,8192,paged_minimal,83,4.416672229766846,7245.273892939361
32,8192,sdpa_contig,84,1.8405120372772217,17386.46602243335
32,8192,paged_minimal,84,4.397119998931885,7277.4907229671235
32,8192,sdpa_contig,85,1.8547519445419312,17252.980968246433
32,8192,paged_minimal,85,4.389599800109863,7289.958414705391
32,8192,sdpa_contig,86,1.8816319704055786,17006.51376214793
32,8192,paged_minimal,86,4.394015789031982,7282.632001431592
32,8192,sdpa_contig,87,1.8595199584960938,17208.74242505057
32,8192,paged_minimal,87,4.41977596282959,7240.185988864749
32,8192,sdpa_contig,88,1.8493119478225708,17303.732903298252
32,8192,paged_minimal,88,4.39247989654541,7285.178476324343
32,8192,sdpa_contig,89,1.8461120128631592,17333.726110351658
32,8192,paged_minimal,89,4.3963518142700195,7278.76233565565
32,8192,sdpa_contig,90,1.8492159843444824,17304.63086568197
32,8192,paged_minimal,90,4.397759914398193,7276.431779559527
32,8192,sdpa_contig,91,1.8528000116348267,17271.15705907442
32,8192,paged_minimal,91,4.393311977386475,7283.798684161828
32,8192,sdpa_contig,92,1.8512320518493652,17285.78541411503
32,8192,paged_minimal,92,4.391039848327637,7287.567661720825
32,8192,sdpa_contig,93,1.8500479459762573,17296.849019290592
32,8192,paged_minimal,93,4.404831886291504,7264.749444715198
32,8192,sdpa_contig,94,1.845471978187561,17339.737681320534
32,8192,paged_minimal,94,4.404352188110352,7265.540681870248
32,8192,sdpa_contig,95,1.8428479433059692,17364.4277685731
32,8192,paged_minimal,95,4.39734411239624,7277.119820982642
32,8192,sdpa_contig,96,1.8382400274276733,17407.95517589667
32,8192,paged_minimal,96,4.398623943328857,7275.002458105694
32,8192,sdpa_contig,97,1.8439680337905884,17353.880009632587
32,8192,paged_minimal,97,4.396704196929932,7278.178964676429
32,8192,sdpa_contig,98,1.8445760011672974,17348.16021662948
32,8192,paged_minimal,98,4.395264148712158,7280.563560525984
32,8192,sdpa_contig,99,1.8380160331726074,17410.07663832217
32,8192,paged_minimal,99,4.392960071563721,7284.382165715715
64,512,sdpa_contig,0,0.2691200077533722,237812.12156716004
64,512,paged_minimal,0,0.601472020149231,106405.61465206809
64,512,sdpa_contig,1,0.25334399938583374,252620.94288852808
64,512,paged_minimal,1,0.5753920078277588,111228.51747909251
64,512,sdpa_contig,2,0.25360000133514404,252365.92927072215
64,512,paged_minimal,2,0.5729600191116333,111700.63855281059
64,512,sdpa_contig,3,0.2526080012321472,253356.97874899808
64,512,paged_minimal,3,0.5714880228042603,111988.34874256073
64,512,sdpa_contig,4,0.25145599246025085,254517.69661093625
64,512,paged_minimal,4,0.5745599865913391,111389.58767332429
64,512,sdpa_contig,5,0.2534720003604889,252493.37168988664
64,512,paged_minimal,5,0.5703679919242859,112208.26011655954
64,512,sdpa_contig,6,0.2539519965648651,252016.13244120704
64,512,paged_minimal,6,0.5795519948005676,110430.12632891264
64,512,sdpa_contig,7,0.2524160146713257,253549.68100314582
64,512,paged_minimal,7,0.5735999941825867,111576.01228919766
64,512,sdpa_contig,8,0.2507840096950531,255199.68389460855
64,512,paged_minimal,8,0.5695040225982666,112378.48629762215
64,512,sdpa_contig,9,0.25382399559020996,252143.22172804252
64,512,paged_minimal,9,0.5726079940795898,111769.30930360762
64,512,sdpa_contig,10,0.2516160011291504,254355.8426840662
64,512,paged_minimal,10,0.5708159804344177,112120.19668982112
64,512,sdpa_contig,11,0.2505919933319092,255395.23090521083
64,512,paged_minimal,11,0.5702400207519531,112233.44148242299
64,512,sdpa_contig,12,0.2497279942035675,256278.83731701283
64,512,paged_minimal,12,0.5720639824867249,111875.59776407557
64,512,sdpa_contig,13,0.25257599353790283,253389.08541359784
64,512,paged_minimal,13,0.5699840188026428,112283.8498778332
64,512,sdpa_contig,14,0.2513279914855957,254647.32209769805
64,512,paged_minimal,14,0.5705919861793518,112164.21111789528
64,512,sdpa_contig,15,0.2523519992828369,253614.0002135216
64,512,paged_minimal,15,0.5692160129547119,112435.34711503625
64,512,sdpa_contig,16,0.2544960081577301,251477.4218396952
64,512,paged_minimal,16,0.5713279843330383,112019.71854172846
64,512,sdpa_contig,17,0.2523840069770813,253581.8365298074
64,512,paged_minimal,17,0.571295976638794,112025.99461060876
64,512,sdpa_contig,18,0.2511039972305298,254874.4771324522
64,512,paged_minimal,18,0.5686720013618469,112542.90671377136
64,512,sdpa_contig,19,0.2505599856376648,255427.8562761035
64,512,paged_minimal,19,0.5743680000305176,111426.82042975849
64,512,sdpa_contig,20,0.25382399559020996,252143.22172804252
64,512,paged_minimal,20,0.5700799822807312,112264.94876026663
64,512,sdpa_contig,21,0.25014400482177734,255852.62395394497
64,512,paged_minimal,21,0.5710399746894836,112076.21679165543
64,512,sdpa_contig,22,0.25196799635887146,254000.51167151588
64,512,paged_minimal,22,0.5782080292701721,110686.80606317818
64,512,sdpa_contig,23,0.25174400210380554,254226.51370104888
64,512,paged_minimal,23,0.5702720284461975,112227.14214894743
64,512,sdpa_contig,24,0.2520639896392822,253903.78090733074
64,512,paged_minimal,24,0.5704320073127747,112195.66780885078
64,512,sdpa_contig,25,0.2507520020008087,255232.25932127787
64,512,paged_minimal,25,0.5700479745864868,112271.25233876261
64,512,sdpa_contig,26,0.2512960135936737,254679.72644995106
64,512,paged_minimal,26,0.5801920294761658,110308.30612716838
64,512,sdpa_contig,27,0.2518720030784607,254097.31616762246
64,512,paged_minimal,27,0.5744320154190063,111414.40289207533
64,512,sdpa_contig,28,0.25171199440956116,254258.84114153677
64,512,paged_minimal,28,0.5716480016708374,111957.00818149988
64,512,sdpa_contig,29,0.2510719895362854,254906.969583521
64,512,paged_minimal,29,0.5713599920272827,112013.44317602128
64,512,sdpa_contig,30,0.25334399938583374,252620.94288852808
64,512,paged_minimal,30,0.5690240263938904,112473.28237718008
64,512,sdpa_contig,31,0.25257599353790283,253389.08541359784
64,512,paged_minimal,31,0.5700160264968872,112277.54488469544
64,512,sdpa_contig,32,0.2500480115413666,255950.8456215505
64,512,paged_minimal,32,0.5728319883346558,111725.60419689828
64,512,sdpa_contig,33,0.253248006105423,252716.69848155824
64,512,paged_minimal,33,0.5703359842300415,112214.55733044891
64,512,sdpa_contig,34,0.2519359886646271,254032.7816570729
64,512,paged_minimal,34,0.5704960227012634,112183.07832710902
64,512,sdpa_contig,35,0.25036799907684326,255623.72282392622
64,512,paged_minimal,35,0.56905597448349,112466.96787269533
64,512,sdpa_contig,36,0.2516799867153168,254291.17680458413
64,512,paged_minimal,36,0.5732160210609436,111650.7523316338
64,512,sdpa_contig,37,0.2517760097980499,254194.19447998455
64,512,paged_minimal,37,0.5719040036201477,111906.8927562677
64,512,sdpa_contig,38,0.2515519857406616,254420.5716029649
64,512,paged_minimal,38,0.5686720013618469,112542.90671377136
64,512,sdpa_contig,39,0.25116801261901855,254809.5170744441
64,512,paged_minimal,39,0.5728639960289001,111719.36173969519
64,512,sdpa_contig,40,0.2521600127220154,253807.09379386995
64,512,paged_minimal,40,0.5688639879226685,112504.92447888998
64,512,sdpa_contig,41,0.25145599246025085,254517.69661093625
64,512,paged_minimal,41,0.5703679919242859,112208.26011655954
64,512,sdpa_contig,42,0.25094398856163025,255036.99198708643
64,512,paged_minimal,42,0.5727360248565674,111744.32412563499
64,512,sdpa_contig,43,0.25017601251602173,255819.8899900578
64,512,paged_minimal,43,0.5715199708938599,111982.08856971998
64,512,sdpa_contig,44,0.25299200415611267,252972.42184977434
64,512,paged_minimal,44,0.5713599920272827,112013.44317602128
64,512,sdpa_contig,45,0.25196799635887146,254000.51167151588
64,512,paged_minimal,45,0.5683519840240479,112606.27533463851
64,512,sdpa_contig,46,0.2508159875869751,255167.14710144547
64,512,paged_minimal,46,0.5722240209579468,111844.3086203531
64,512,sdpa_contig,47,0.2513920068740845,254582.47776372574
64,512,paged_minimal,47,0.5698239803314209,112315.38546829204
64,512,sdpa_contig,48,0.25046399235725403,255525.75201593208
64,512,paged_minimal,48,0.5693119764328003,112416.39496328837
64,512,sdpa_contig,49,0.2533760070800781,252589.03057767876
64,512,paged_minimal,49,0.5699520111083984,112290.15557912985
64,512,sdpa_contig,50,0.25148800015449524,254485.30331738785
64,512,paged_minimal,50,0.5706239938735962,112157.91955319914
64,512,sdpa_contig,51,0.25171199440956116,254258.84114153677
64,512,paged_minimal,51,0.5710399746894836,112076.21679165543
64,512,sdpa_contig,52,0.25308799743652344,252876.472405815
64,512,paged_minimal,52,0.5718079805374146,111925.68515719124
64,512,sdpa_contig,53,0.2542400062084198,251730.64205927667
64,512,paged_minimal,53,0.5693759918212891,112403.755899999
64,512,sdpa_contig,54,0.25091201066970825,255069.49559400466
64,512,paged_minimal,54,0.5703679919242859,112208.26011655954
64,512,sdpa_contig,55,0.25225600600242615,253710.51026386447
64,512,paged_minimal,55,0.5693439841270447,112410.07507636877
64,512,sdpa_contig,56,0.2537919878959656,252175.02148347915
64,512,paged_minimal,56,0.570688009262085,112145.33854102477
64,512,sdpa_contig,57,0.24937599897384644,256640.57593093417
64,512,paged_minimal,57,0.5715519785881042,111975.81741926286
64,512,sdpa_contig,58,0.2510400116443634,254939.4400549415
64,512,paged_minimal,58,0.5705919861793518,112164.21111789528
64,512,sdpa_contig,59,0.2533760070800781,252589.03057767876
64,512,paged_minimal,59,0.5728960037231445,111713.11998002414
64,512,sdpa_contig,60,0.2518399953842163,254129.61075685878
64,512,paged_minimal,60,0.5691199898719788,112454.31743558426
64,512,sdpa_contig,61,0.2523840069770813,253581.8365298074
64,512,paged_minimal,61,0.5720319747924805,111881.8576937376
64,512,sdpa_contig,62,0.25017601251602173,255819.8899900578
64,512,paged_minimal,62,0.5711680054664612,112051.09422705237
64,512,sdpa_contig,63,0.25148800015449524,254485.30331738785
64,512,paged_minimal,63,0.5697600245475769,112327.9929138935
64,512,sdpa_contig,64,0.2520959973335266,253871.54368550755
64,512,paged_minimal,64,0.5685120224952698,112574.57620525958
64,512,sdpa_contig,65,0.2635520100593567,242836.31904604347
64,512,paged_minimal,65,0.5515199899673462,116042.93799720523
64,512,sdpa_contig,66,0.27052798867225647,236574.41255564775
64,512,paged_minimal,66,0.5483840107917786,116706.53910494994
64,512,sdpa_contig,67,0.2513920068740845,254582.47776372574
64,512,paged_minimal,67,0.5475519895553589,116883.8780989023
64,512,sdpa_contig,68,0.25088000297546387,255102.03779078883
64,512,paged_minimal,68,0.5479360222816467,116801.95752325097
64,512,sdpa_contig,69,0.25071999430656433,255264.84306530777
64,512,paged_minimal,69,0.5465599894523621,117096.02099510838
64,512,sdpa_contig,70,0.25334399938583374,252620.94288852808
64,512,paged_minimal,70,0.5464000105857849,117130.30519781073
64,512,sdpa_contig,71,0.2534720003604889,252493.37168988664
64,512,paged_minimal,71,0.5496000051498413,116448.32496417323
64,512,sdpa_contig,72,0.25123199820518494,254744.62033984318
64,512,paged_minimal,72,0.5474879741668701,116897.54482258872
64,512,sdpa_contig,73,0.26019200682640076,245972.19868748923
64,512,paged_minimal,73,0.550495982170105,116258.7958366312
64,512,sdpa_contig,74,0.25305598974227905,252908.4573938748
64,512,paged_minimal,74,0.5551679730415344,115280.4252186426
64,512,sdpa_contig,75,0.24879999458789825,257234.73228368384
64,512,paged_minimal,75,0.5479679703712463,116795.14763726103
64,512,sdpa_contig,76,0.25148800015449524,254485.30331738785
64,512,paged_minimal,76,0.5479360222816467,116801.95752325097
64,512,sdpa_contig,77,0.2528640031814575,253100.4777064809
64,512,paged_minimal,77,0.5484480261802673,116692.91700388776
64,512,sdpa_contig,78,0.251008003950119,254971.94907266085
64,512,paged_minimal,78,0.5571839809417725,114863.31658678502
64,512,sdpa_contig,79,0.25036799907684326,255623.72282392622
64,512,paged_minimal,79,0.5479679703712463,116795.14763726103
64,512,sdpa_contig,80,0.2515200078487396,254452.9182683894
64,512,paged_minimal,80,0.5497599840164185,116414.43877459195
64,512,sdpa_contig,81,0.25542399287223816,250563.77547121226
64,512,paged_minimal,81,0.5491840243339539,116536.52903982178
64,512,sdpa_contig,82,0.2513599991798401,254614.8958021361
64,512,paged_minimal,82,0.548416018486023,116699.72765689943
64,512,sdpa_contig,83,0.25148800015449524,254485.30331738785
64,512,paged_minimal,83,0.5476160049438477,116870.21457044985
64,512,sdpa_contig,84,0.2540160119533539,251952.6210487574
64,512,paged_minimal,84,0.5472000241279602,116959.05917035174
64,512,sdpa_contig,85,0.2526719868183136,253292.8196983699
64,512,paged_minimal,85,0.5486400127410889,116652.08244700615
64,512,sdpa_contig,86,0.2516799867153168,254291.17680458413
64,512,paged_minimal,86,0.5485439896583557,116672.50249129608
64,512,sdpa_contig,87,0.24985599517822266,256147.54592679956
64,512,paged_minimal,87,0.5511999726295471,116110.31055513749
64,512,sdpa_contig,88,0.252128005027771,253839.31464872626
64,512,paged_minimal,88,0.5482879877090454,116726.97822072705
64,512,sdpa_contig,89,0.2537600100040436,252206.7996410474
64,512,paged_minimal,89,0.5490559935569763,116563.70343102106
64,512,sdpa_contig,90,0.25011199712753296,255885.36629598853
64,512,paged_minimal,90,0.5491520166397095,116543.32144971336
64,512,sdpa_contig,91,0.2542079985141754,251762.33782601127
64,512,paged_minimal,91,0.5458559989929199,117247.03972856789
64,512,sdpa_contig,92,0.24905599653720856,256970.32350087786
64,512,paged_minimal,92,0.5487359762191772,116631.68221803811
64,512,sdpa_contig,93,0.25276800990104675,253196.59724762887
64,512,paged_minimal,93,0.5479040145874023,116808.78091064004
64,512,sdpa_contig,94,0.2519359886646271,254032.7816570729
64,512,paged_minimal,94,0.548255980014801,116733.79285032554
64,512,sdpa_contig,95,0.2515200078487396,254452.9182683894
64,512,paged_minimal,95,0.5495039820671082,116468.67372870831
64,512,sdpa_contig,96,0.25171199440956116,254258.84114153677
64,512,paged_minimal,96,0.5464640259742737,117116.58399818066
64,512,sdpa_contig,97,0.2518079876899719,254161.9135561233
64,512,paged_minimal,97,0.5586240291595459,114567.21633741478
64,512,sdpa_contig,98,0.2518720030784607,254097.31616762246
64,512,paged_minimal,98,0.5487040281295776,116638.4730547053
64,512,sdpa_contig,99,0.2542720139026642,251698.9542722516
64,512,paged_minimal,99,0.5480639934539795,116774.68464341661
64,2048,sdpa_contig,0,0.9850879907608032,64968.815578161215
64,2048,paged_minimal,0,2.0590078830718994,31082.931020407927
64,2048,sdpa_contig,1,0.9329599738121033,68598.87004422497
64,2048,paged_minimal,1,1.9694080352783203,32497.074681101018
64,2048,sdpa_contig,2,0.9320639967918396,68664.81295306732
64,2048,paged_minimal,2,1.9646400213241577,32575.942312762374
64,2048,sdpa_contig,3,0.9339839816093445,68523.6591421213
64,2048,paged_minimal,3,1.9632960557937622,32598.242028314344
64,2048,sdpa_contig,4,0.9324160218238831,68638.889188981
64,2048,paged_minimal,4,1.9657280445098877,32557.91164945049
64,2048,sdpa_contig,5,0.9354879856109619,68413.49219274255
64,2048,paged_minimal,5,1.9670720100402832,32535.667059127823
64,2048,sdpa_contig,6,0.9359999895095825,68376.06914240759
64,2048,paged_minimal,6,1.9649920463562012,32570.10638728992
64,2048,sdpa_contig,7,0.9309759736061096,68745.06089786375
64,2048,paged_minimal,7,1.9647680521011353,32573.819556745133
64,2048,sdpa_contig,8,0.9342719912528992,68502.53523513343
64,2048,paged_minimal,8,1.9631680250167847,32600.36796873401
64,2048,sdpa_contig,9,0.9318079948425293,68683.67770424171
64,2048,paged_minimal,9,1.965567946434021,32560.56353386831
64,2048,sdpa_contig,10,0.9295679926872253,68849.18640000364
64,2048,paged_minimal,10,1.962623953819275,32609.405319575213
64,2048,sdpa_contig,11,0.9343360066413879,68497.84183107497
64,2048,paged_minimal,11,1.9638079404830933,32589.744995254532
64,2048,sdpa_contig,12,0.9340159893035889,68521.31091216009
64,2048,paged_minimal,12,1.9648640155792236,32572.228659362667
64,2048,sdpa_contig,13,0.9313279986381531,68719.07651609837
64,2048,paged_minimal,13,1.9637119770050049,32591.337604209602
64,2048,sdpa_contig,14,0.9318720102310181,68678.95944651662
64,2048,paged_minimal,14,1.9639040231704712,32588.150563834686
64,2048,sdpa_contig,15,0.934112012386322,68514.26718783211
64,2048,paged_minimal,15,1.967136025428772,32534.608269425633
64,2048,sdpa_contig,16,0.928704023361206,68913.23649957757
64,2048,paged_minimal,16,1.965664029121399,32558.971956467223
64,2048,sdpa_contig,17,0.9319999814033508,68669.52926719222
64,2048,paged_minimal,17,1.9632320404052734,32599.304963863757
64,2048,sdpa_contig,18,0.934656023979187,68474.38882117039
64,2048,paged_minimal,18,1.9635200500488281,32594.523289134973
64,2048,sdpa_contig,19,0.9313600063323975,68716.71487379579
64,2048,paged_minimal,19,1.969472050666809,32496.018401647976
64,2048,sdpa_contig,20,0.9321920275688171,68655.38226808675
64,2048,paged_minimal,20,1.9635839462280273,32593.46264413174
64,2048,sdpa_contig,21,0.9314879775047302,68707.27432408005
64,2048,paged_minimal,21,1.9651520252227783,32567.45492387271
64,2048,sdpa_contig,22,0.9314560294151306,68709.63092072758
64,2048,paged_minimal,22,1.9627200365066528,32607.80896388585
64,2048,sdpa_contig,23,0.9339839816093445,68523.6591421213
64,2048,paged_minimal,23,1.9628159999847412,32606.214744783785
64,2048,sdpa_contig,24,0.9302719831466675,68797.08425004744
64,2048,paged_minimal,24,1.9935040473937988,32104.27392092341
64,2048,sdpa_contig,25,0.933568000793457,68554.19203058073
64,2048,paged_minimal,25,1.9717439413070679,32458.575710177884
64,2048,sdpa_contig,26,0.9330559968948364,68591.81036613965
64,2048,paged_minimal,26,1.9648000001907349,32573.28989911805
64,2048,sdpa_contig,27,0.933023989200592,68594.1634307117
64,2048,paged_minimal,27,1.9716800451278687,32459.62759431865
64,2048,sdpa_contig,28,0.9307199716567993,68763.96977500322
64,2048,paged_minimal,28,1.967903971672058,32521.912106118405
64,2048,sdpa_contig,29,0.930079996585846,68811.285303342
64,2048,paged_minimal,29,1.9648640155792236,32572.228659362667
64,2048,sdpa_contig,30,0.934656023979187,68474.38882117039
64,2048,paged_minimal,30,1.9963200092315674,32058.98839066146
64,2048,sdpa_contig,31,0.9300479888916016,68813.65345058478
64,2048,paged_minimal,31,2.179647922515869,29362.540316202852
64,2048,sdpa_contig,32,0.9270079731941223,69039.31988791851
64,2048,paged_minimal,32,2.1791679859161377,29369.007076842652
64,2048,sdpa_contig,33,0.9312959909439087,68721.43832073543
64,2048,paged_minimal,33,2.1772799491882324,29394.47452490502
64,2048,sdpa_contig,34,0.9355520009994507,68408.81098178269
64,2048,paged_minimal,34,2.1801600456237793,29355.64300816666
64,2048,sdpa_contig,35,0.9319999814033508,68669.52926719222
64,2048,paged_minimal,35,2.179744005203247,29361.24602119615
64,2048,sdpa_contig,36,0.9290239810943604,68889.50264191249
64,2048,paged_minimal,36,2.174783945083618,29428.210625096952
64,2048,sdpa_contig,37,0.9326720237731934,68620.04902975784
64,2048,paged_minimal,37,2.172447919845581,29459.854671475467
64,2048,sdpa_contig,38,0.9297919869422913,68832.60008560629
64,2048,paged_minimal,38,2.1803200244903564,29353.489066340073
64,2048,sdpa_contig,39,0.9319040179252625,68676.60056073792
64,2048,paged_minimal,39,2.176608085632324,29403.547851568062
64,2048,sdpa_contig,40,0.9352959990501404,68427.53530967368
64,2048,paged_minimal,40,2.1802239418029785,29354.78267754181
64,2048,sdpa_contig,41,0.933247983455658,68577.69974816225
64,2048,paged_minimal,41,2.179744005203247,29361.24602119615
64,2048,sdpa_contig,42,0.9273599982261658,69013.11262338016
64,2048,paged_minimal,42,2.17574405670166,29415.224554041255
64,2048,sdpa_contig,43,0.929535984992981,68851.55715674986
64,2048,paged_minimal,43,2.1868479251861572,29265.866758682794
64,2048,sdpa_contig,44,0.9316480159759521,68695.47179033759
64,2048,paged_minimal,44,2.178528070449829,29377.63385659983
64,2048,sdpa_contig,45,0.9300479888916016,68813.65345058478
64,2048,paged_minimal,45,2.177248001098633,29394.905847981394
64,2048,sdpa_contig,46,0.9319999814033508,68669.52926719222
64,2048,paged_minimal,46,2.174783945083618,29428.210625096952
64,2048,sdpa_contig,47,0.932479977607727,68634.18146971015
64,2048,paged_minimal,47,2.178783893585205,29374.184465209866
64,2048,sdpa_contig,48,0.9333440065383911,68570.64442655475
64,2048,paged_minimal,48,2.1764800548553467,29405.277506323655
64,2048,sdpa_contig,49,0.9313279986381531,68719.07651609837
64,2048,paged_minimal,49,2.2101120948791504,28957.807229908645
64,2048,sdpa_contig,50,0.9370880126953125,68296.67985605654
64,2048,paged_minimal,50,2.1865599155426025,29269.721604732782
64,2048,sdpa_contig,51,0.9326720237731934,68620.04902975784
64,2048,paged_minimal,51,2.1809918880462646,29344.44660283963
64,2048,sdpa_contig,52,0.9317439794540405,68688.39661030177
64,2048,paged_minimal,52,2.1806399822235107,29349.18213080812
64,2048,sdpa_contig,53,0.9319360256195068,68674.24183699288
64,2048,paged_minimal,53,2.1779520511627197,29385.403579400663
64,2048,sdpa_contig,54,0.9325760006904602,68627.11452215767
64,2048,paged_minimal,54,2.179231882095337,29368.145962725106
64,2048,sdpa_contig,55,0.9325439929962158,68629.470009636
64,2048,paged_minimal,55,2.180608034133911,29349.612125692904
64,2048,sdpa_contig,56,0.9316800236701965,68693.11177015772
64,2048,paged_minimal,56,2.1791040897369385,29369.868241459764
64,2048,sdpa_contig,57,0.9317439794540405,68688.39661030177
64,2048,paged_minimal,57,2.178528070449829,29377.63385659983
64,2048,sdpa_contig,58,0.9313600063323975,68716.71487379579
64,2048,paged_minimal,58,2.1773760318756104,29393.177413122277
64,2048,sdpa_contig,59,0.9306240081787109,68771.06053308466
64,2048,paged_minimal,59,2.1758079528808594,29414.3607275915
64,2048,sdpa_contig,60,0.9318400025367737,68681.31849434564
64,2048,paged_minimal,60,2.186079978942871,29276.147541019363
64,2048,sdpa_contig,61,0.9310399889945984,68740.33420316526
64,2048,paged_minimal,61,2.1858880519866943,29278.718066934918
64,2048,sdpa_contig,62,0.9317439794540405,68688.39661030177
64,2048,paged_minimal,62,2.1805760860443115,29350.04213317758
64,2048,sdpa_contig,63,0.933184027671814,68582.39972202759
64,2048,paged_minimal,63,2.17740797996521,29392.74614076806
64,2048,sdpa_contig,64,0.9321280121803284,68660.09728674332
64,2048,paged_minimal,64,2.1777279376983643,29388.42767827163
64,2048,sdpa_contig,65,0.9313600063323975,68716.71487379579
64,2048,paged_minimal,65,2.1890881061553955,29235.91783265432
64,2048,sdpa_contig,66,0.9302719831466675,68797.08425004744
64,2048,paged_minimal,66,2.181727886199951,29334.54735799922
64,2048,sdpa_contig,67,0.9327359795570374,68615.34389441484
64,2048,paged_minimal,67,2.200511932373047,29084.141312054588
64,2048,sdpa_contig,68,0.9545279741287231,67048.84690091782
64,2048,paged_minimal,68,2.1806399822235107,29349.18213080812
64,2048,sdpa_contig,69,0.9395520091056824,68117.57026725827
64,2048,paged_minimal,69,2.1797120571136475,29361.676369652305
64,2048,sdpa_contig,70,0.9324160218238831,68638.889188981
64,2048,paged_minimal,70,2.1819839477539062,29331.104871729425
64,2048,sdpa_contig,71,0.931007981300354,68742.69746926354
64,2048,paged_minimal,71,2.176448106765747,29405.7091464981
64,2048,sdpa_contig,72,0.9350079894065857,68448.61297989378
64,2048,paged_minimal,72,2.1777279376983643,29388.42767827163
64,2048,sdpa_contig,73,0.9328960180282593,68603.57292045094
64,2048,paged_minimal,73,2.1789119243621826,29372.45846627521
64,2048,sdpa_contig,74,0.9313600063323975,68716.71487379579
64,2048,paged_minimal,74,2.176255941390991,29408.305697303833
64,2048,sdpa_contig,75,0.9296320080757141,68844.44537626926
64,2048,paged_minimal,75,2.176608085632324,29403.547851568062
64,2048,sdpa_contig,76,0.9429759979248047,67870.232265555
64,2048,paged_minimal,76,2.1771841049194336,29395.76853210965
64,2048,sdpa_contig,77,0.9291200041770935,68882.3830207851
64,2048,paged_minimal,77,2.177248001098633,29394.905847981394
64,2048,sdpa_contig,78,0.9333119988441467,68572.99603911696
64,2048,paged_minimal,78,2.178015947341919,29384.541503521355
64,2048,sdpa_contig,79,0.932479977607727,68634.18146971015
64,2048,paged_minimal,79,2.1857919692993164,29280.005096054963
64,2048,sdpa_contig,80,0.9308800101280212,68752.14775661394
64,2048,paged_minimal,80,2.177311897277832,29394.043214486413
64,2048,sdpa_contig,81,0.9326080083847046,68624.75919636295
64,2048,paged_minimal,81,2.183072090148926,29316.484915362562
64,2048,sdpa_contig,82,0.9317119717597961,68690.75630649917
64,2048,paged_minimal,82,2.176192045211792,29409.169168142682
64,2048,sdpa_contig,83,0.9297279715538025,68837.33947795544
64,2048,paged_minimal,83,2.1771199703216553,29396.63448613005
64,2048,sdpa_contig,84,0.9333119988441467,68572.99603911696
64,2048,paged_minimal,84,2.1772799491882324,29394.47452490502
64,2048,sdpa_contig,85,0.9302719831466675,68797.08425004744
64,2048,paged_minimal,85,2.1774721145629883,29391.880415811705
64,2048,sdpa_contig,86,0.9318079948425293,68683.67770424171
64,2048,paged_minimal,86,2.1789441108703613,29372.024587833843
64,2048,sdpa_contig,87,0.9303359985351562,68792.35039896343
64,2048,paged_minimal,87,2.1796159744262695,29362.970702601146
64,2048,sdpa_contig,88,0.9297919869422913,68832.60008560629
64,2048,paged_minimal,88,2.193824052810669,29172.80440881524
64,2048,sdpa_contig,89,0.9313279986381531,68719.07651609837
64,2048,paged_minimal,89,2.179680109024048,29362.1067307239
64,2048,sdpa_contig,90,0.9325439929962158,68629.470009636
64,2048,paged_minimal,90,2.183648109436035,29308.75159025925
64,2048,sdpa_contig,91,0.9311360120773315,68733.24537971447
64,2048,paged_minimal,91,2.179744005203247,29361.24602119615
64,2048,sdpa_contig,92,0.9311360120773315,68733.24537971447
64,2048,paged_minimal,92,2.1781439781188965,29382.81428726861
64,2048,sdpa_contig,93,0.9340159893035889,68521.31091216009
64,2048,paged_minimal,93,2.186527967453003,29270.149274400083
64,2048,sdpa_contig,94,0.9299839735031128,68818.39023410415
64,2048,paged_minimal,94,2.1882879734039307,29246.6077490005
64,2048,sdpa_contig,95,0.9309120178222656,68749.78384071006
64,2048,paged_minimal,95,2.1849279403686523,29291.583863036503
64,2048,sdpa_contig,96,0.9314560294151306,68709.63092072758
64,2048,paged_minimal,96,2.1807360649108887,29347.88901315998
64,2048,sdpa_contig,97,0.932703971862793,68617.69857394241
64,2048,paged_minimal,97,2.177056074142456,29397.49727172721
64,2048,sdpa_contig,98,0.9299520254135132,68820.75445939452
64,2048,paged_minimal,98,2.177824020385742,29387.131100089595
64,2048,sdpa_contig,99,0.9319679737091064,68671.88766722172
64,2048,paged_minimal,99,2.177855968475342,29386.700005145278
64,8192,sdpa_contig,0,3.7984321117401123,16849.057220791226
64,8192,paged_minimal,0,8.772576332092285,7295.462310868923
64,8192,sdpa_contig,1,3.6721599102020264,17428.43491706193
64,8192,paged_minimal,1,8.611583709716797,7431.850186602288
64,8192,sdpa_contig,2,3.6688320636749268,17444.243532884328
64,8192,paged_minimal,2,8.593759536743164,7447.264462819088
64,8192,sdpa_contig,3,3.669856071472168,17439.37602826105
64,8192,paged_minimal,3,8.652000427246094,7397.133245446569
64,8192,sdpa_contig,4,3.6794559955596924,17393.875637386114
64,8192,paged_minimal,4,8.601280212402344,7440.752820460055
64,8192,sdpa_contig,5,3.669408082962036,17441.505156422296
64,8192,paged_minimal,5,8.600192070007324,7441.6942643869925
64,8192,sdpa_contig,6,3.6599040031433105,17486.79745289318
64,8192,paged_minimal,6,8.587807655334473,7452.425877312848
64,8192,sdpa_contig,7,3.6626880168914795,17473.505716251737
64,8192,paged_minimal,7,8.585984230041504,7454.008566201458
64,8192,sdpa_contig,8,3.6657919883728027,17458.7102058698
64,8192,paged_minimal,8,8.58556842803955,7454.369566374059
64,8192,sdpa_contig,9,3.675136089324951,17414.321114774153
64,8192,paged_minimal,9,8.584063529968262,7455.676414388866
64,8192,sdpa_contig,10,3.6824960708618164,17379.51616741903
64,8192,paged_minimal,10,8.582176208496094,7457.316005308997
64,8192,sdpa_contig,11,3.676640033721924,17407.197716664075
64,8192,paged_minimal,11,8.588319778442383,7451.981487769815
64,8192,sdpa_contig,12,3.6791679859161377,17395.237250648006
64,8192,paged_minimal,12,8.589280128479004,7451.1482967936645
64,8192,sdpa_contig,13,3.6663360595703125,17456.11939553099
64,8192,paged_minimal,13,8.584896087646484,7454.953367705275
64,8192,sdpa_contig,14,3.6713600158691406,17432.232121983532
64,8192,paged_minimal,14,8.619903564453125,7424.6770304860565
64,8192,sdpa_contig,15,3.6786880493164062,17397.50670402532
64,8192,paged_minimal,15,8.593279838562012,7447.680187581285
64,8192,sdpa_contig,16,3.6686720848083496,17445.004219651684
64,8192,paged_minimal,16,8.588704109191895,7451.648023536547
64,8192,sdpa_contig,17,3.7448959350585938,17089.927493271887
64,8192,paged_minimal,17,8.61689567565918,7427.268753036643
64,8192,sdpa_contig,18,3.6678719520568848,17448.80978304322
64,8192,paged_minimal,18,8.592767715454102,7448.12406425184
64,8192,sdpa_contig,19,3.6581759452819824,17495.057907901337
64,8192,paged_minimal,19,8.592479705810547,7448.373716462883
64,8192,sdpa_contig,20,3.6527678966522217,17520.95994345994
64,8192,paged_minimal,20,8.586560249328613,7453.508522810887
64,8192,sdpa_contig,21,3.649183988571167,17538.167491812084
64,8192,paged_minimal,21,8.5796480178833,7459.51347498164
64,8192,sdpa_contig,22,3.6518399715423584,17525.411983748436
64,8192,paged_minimal,22,8.587488174438477,7452.703130410408
64,8192,sdpa_contig,23,3.648159980773926,17543.09030779482
64,8192,paged_minimal,23,8.59164810180664,7449.094660492689
64,8192,sdpa_contig,24,3.6583359241485596,17494.29284980038
64,8192,paged_minimal,24,8.599040031433105,7442.691249959658
64,8192,sdpa_contig,25,3.6579840183258057,17495.97583788561
64,8192,paged_minimal,25,8.583968162536621,7455.759246558944
64,8192,sdpa_contig,26,3.6540799140930176,17514.668946665744
64,8192,paged_minimal,26,8.593119621276855,7447.81904833884
64,8192,sdpa_contig,27,3.6574718952178955,17498.42564304576
64,8192,paged_minimal,27,8.586655616760254,7453.425740643272
64,8192,sdpa_contig,28,3.650144100189209,17533.55435931488
64,8192,paged_minimal,28,8.59331226348877,7447.652085438922
64,8192,sdpa_contig,29,3.656831979751587,17501.487723356542
64,8192,paged_minimal,29,8.587679862976074,7452.5367760764075
64,8192,sdpa_contig,30,3.6604480743408203,17484.198300374806
64,8192,paged_minimal,30,8.58249568939209,7457.038408898195
64,8192,sdpa_contig,31,3.6595840454101562,17488.3263250283
64,8192,paged_minimal,31,8.599967956542969,7441.888193467972
64,8192,sdpa_contig,32,3.661439895629883,17479.46213083746
64,8192,paged_minimal,32,8.641152381896973,7406.419557428314
64,8192,sdpa_contig,33,3.655103921890259,17509.762066327792
64,8192,paged_minimal,33,8.636032104492188,7410.810801260135
64,8192,sdpa_contig,34,3.6594560146331787,17488.9381766255
64,8192,paged_minimal,34,8.615839958190918,7428.178832309483
64,8192,sdpa_contig,35,3.6677439212799072,17449.418872642113
64,8192,paged_minimal,35,8.59017562866211,7450.371536811964
64,8192,sdpa_contig,36,3.653791904449463,17516.0495380328
64,8192,paged_minimal,36,8.586015701293945,7453.981244217263
64,8192,sdpa_contig,37,3.6522560119628906,17523.41560678367
64,8192,paged_minimal,37,8.584159851074219,7455.592755765268
64,8192,sdpa_contig,38,3.656032085418701,17505.31683112144
64,8192,paged_minimal,38,8.627424240112305,7418.204810473873
64,8192,sdpa_contig,39,3.645440101623535,17556.179285869195
64,8192,paged_minimal,39,8.607808113098145,7435.109979114643
64,8192,sdpa_contig,40,3.6576640605926514,17497.506315446062
64,8192,paged_minimal,40,8.58944034576416,7451.009311865269
64,8192,sdpa_contig,41,3.6668479442596436,17453.682555937547
64,8192,paged_minimal,41,8.586624145507812,7453.4530585553
64,8192,sdpa_contig,42,3.655519962310791,17507.769253034854
64,8192,paged_minimal,42,8.588512420654297,7451.814338195287
64,8192,sdpa_contig,43,3.680608034133911,17388.431315278573
64,8192,paged_minimal,43,8.595328330993652,7445.9052098363945
64,8192,sdpa_contig,44,3.6604158878326416,17484.352041181544
64,8192,paged_minimal,44,8.586912155151367,7453.203065738342
64,8192,sdpa_contig,45,3.654911994934082,17510.681539995403
64,8192,paged_minimal,45,8.585887908935547,7454.0921892765
64,8192,sdpa_contig,46,3.657151937484741,17499.956549253166
64,8192,paged_minimal,46,8.585760116577148,7454.203137638398
64,8192,sdpa_contig,47,3.660799980163574,17482.517577248324
64,8192,paged_minimal,47,8.585824012756348,7454.147663044607
64,8192,sdpa_contig,48,3.6504321098327637,17532.171007265224
64,8192,paged_minimal,48,8.583744049072266,7455.953909403572
64,8192,sdpa_contig,49,3.6537599563598633,17516.20269651249
64,8192,paged_minimal,49,8.581727981567383,7457.705503770922
64,8192,sdpa_contig,50,3.691391944885254,17337.633325195282
64,8192,paged_minimal,50,8.583904266357422,7455.814745142584
64,8192,sdpa_contig,51,3.6768319606781006,17406.289078328395
64,8192,paged_minimal,51,8.591232299804688,7449.4551848464125
64,8192,sdpa_contig,52,3.684191942214966,17371.516197802302
64,8192,paged_minimal,52,8.58351993560791,7456.148582413391
64,8192,sdpa_contig,53,3.6728639602661133,17425.09406620194
64,8192,paged_minimal,53,8.583935737609863,7455.787409916043
64,8192,sdpa_contig,54,3.664799928665161,17463.436270942864
64,8192,paged_minimal,54,8.5830078125,7456.593469109113
64,8192,sdpa_contig,55,3.6743040084838867,17418.264752242987
64,8192,paged_minimal,55,8.586912155151367,7453.203065738342
64,8192,sdpa_contig,56,3.671328067779541,17432.38381818269
64,8192,paged_minimal,56,8.580479621887207,7458.790512915841
64,8192,sdpa_contig,57,3.680864095687866,17387.221678457518
64,8192,paged_minimal,57,8.585663795471191,7454.286765079136
64,8192,sdpa_contig,58,3.6818559169769287,17382.53789478776
64,8192,paged_minimal,58,8.587583541870117,7452.620366131859
64,8192,sdpa_contig,59,3.6750080585479736,17414.927798903096
64,8192,paged_minimal,59,8.584704399108887,7455.119829943516
64,8192,sdpa_contig,60,3.6674559116363525,17450.789196111797
64,8192,paged_minimal,60,8.595840454101562,7445.461597587235
64,8192,sdpa_contig,61,3.6918399333953857,17335.529479778717
64,8192,paged_minimal,61,8.591487884521484,7449.2335740009685
64,8192,sdpa_contig,62,3.665855884552002,17458.40589906914
64,8192,paged_minimal,62,8.590656280517578,7449.954684503344
64,8192,sdpa_contig,63,3.777024030685425,16944.55727049896
64,8192,paged_minimal,63,8.592415809631348,7448.429105148937
64,8192,sdpa_contig,64,3.6962881088256836,17314.667611322348
64,8192,paged_minimal,64,8.582719802856445,7456.843689421147
64,8192,sdpa_contig,65,3.668704032897949,17444.85230372909
64,8192,paged_minimal,65,8.580639839172363,7458.651242746141
64,8192,sdpa_contig,66,3.6536319255828857,17516.816500279976
64,8192,paged_minimal,66,8.584863662719727,7454.981524974444
64,8192,sdpa_contig,67,3.6555840969085693,17507.46209179625
64,8192,paged_minimal,67,8.582207679748535,7457.288659073238
64,8192,sdpa_contig,68,3.6691839694976807,17442.57048216684
64,8192,paged_minimal,68,8.58460807800293,7455.2034779540645
64,8192,sdpa_contig,69,3.6651840209960938,17461.60619313368
64,8192,paged_minimal,69,8.581184387207031,7458.177928843043
64,8192,sdpa_contig,70,3.6612799167633057,17480.225892309852
64,8192,paged_minimal,70,8.5830717086792,7456.537958931792
64,8192,sdpa_contig,71,3.648416042327881,17541.859058147504
64,8192,paged_minimal,71,8.632448196411133,7413.887525743561
64,8192,sdpa_contig,72,3.6545920372009277,17512.2145915411
64,8192,paged_minimal,72,8.600383758544922,7441.528401149858
64,8192,sdpa_contig,73,3.6589760780334473,17491.232146671326
64,8192,paged_minimal,73,8.589216232299805,7451.203726753039
64,8192,sdpa_contig,74,3.6936960220336914,17326.818346238084
64,8192,paged_minimal,74,8.74284839630127,7320.268761274152
64,8192,sdpa_contig,75,3.745471954345703,17087.299218925848
64,8192,paged_minimal,75,8.638463973999023,7408.724536287246
64,8192,sdpa_contig,76,3.673248052597046,17423.272015281123
64,8192,paged_minimal,76,8.600064277648926,7441.804843986147
64,8192,sdpa_contig,77,3.657088041305542,17500.26230627816
64,8192,paged_minimal,77,8.60416030883789,7438.2621549091145
64,8192,sdpa_contig,78,3.662463903427124,17474.574954885553
64,8192,paged_minimal,78,8.612256050109863,7431.269997968021
64,8192,sdpa_contig,79,3.6712000370025635,17432.991761531546
64,8192,paged_minimal,79,8.636480331420898,7410.426185671697
64,8192,sdpa_contig,80,3.662719964981079,17473.353303527972
64,8192,paged_minimal,80,8.600192070007324,7441.6942643869925
64,8192,sdpa_contig,81,3.662816047668457,17472.89494397045
64,8192,paged_minimal,81,8.6428804397583,7404.938717605328
64,8192,sdpa_contig,82,3.6499838829040527,17534.324000652683
64,8192,paged_minimal,82,8.595968246459961,7445.350909288995
64,8192,sdpa_contig,83,3.645632028579712,17555.25502801047
64,8192,paged_minimal,83,8.594335556030273,7446.765323829364
64,8192,sdpa_contig,84,3.658751964569092,17492.30355590327
64,8192,paged_minimal,84,8.606687545776367,7436.078010222093
64,8192,sdpa_contig,85,3.6520960330963135,17524.183214245775
64,8192,paged_minimal,85,8.600383758544922,7441.528401149858
64,8192,sdpa_contig,86,3.662976026535034,17472.13182297028
64,8192,paged_minimal,86,8.609888076782227,7433.313816539032
64,8192,sdpa_contig,87,3.678175926208496,17399.92900936957
64,8192,paged_minimal,87,8.595647811889648,7445.628462286937
64,8192,sdpa_contig,88,3.661600112915039,17478.697298009673
64,8192,paged_minimal,88,8.591903686523438,7448.873071096596
64,8192,sdpa_contig,89,3.6485440731048584,17541.24349813237
64,8192,paged_minimal,89,8.584383964538574,7455.398111778207
64,8192,sdpa_contig,90,3.660128116607666,17485.726718035603
64,8192,paged_minimal,90,8.594079971313477,7446.986787838624
64,8192,sdpa_contig,91,3.652127981185913,17524.02991617452
64,8192,paged_minimal,91,8.5830078125,7456.593469109113
64,8192,sdpa_contig,92,3.6513280868530273,17527.86889527633
64,8192,paged_minimal,92,8.584863662719727,7454.981524974444
64,8192,sdpa_contig,93,3.650815963745117,17530.327640604177
64,8192,paged_minimal,93,8.582880020141602,7456.704491943267
64,8192,sdpa_contig,94,3.6529600620269775,17520.038246595905
64,8192,paged_minimal,94,8.577312469482422,7461.544653725543
64,8192,sdpa_contig,95,3.65664005279541,17502.4063282011
64,8192,paged_minimal,95,8.6080322265625,7434.916403136832
64,8192,sdpa_contig,96,3.6579840183258057,17495.97583788561
64,8192,paged_minimal,96,8.595040321350098,7446.154713320409
64,8192,sdpa_contig,97,3.656575918197632,17502.713312061172
64,8192,paged_minimal,97,8.59443187713623,7446.681865064195
64,8192,sdpa_contig,98,3.6524159908294678,17522.648066565256
64,8192,paged_minimal,98,8.58403205871582,7455.703748801523
64,8192,sdpa_contig,99,3.646239995956421,17552.327896949795
64,8192,paged_minimal,99,8.582143783569336,7457.344180428335
